date,location,lat,lon,road_type,weather,severity,day_of_week,hour
2024-05-24 20:00:00,Business Bay,25.21236203565421,55.40944851420593,Highway,Clear,Minor,4,20
2024-03-28 02:00:00,Bur Dubai,25.385214291922974,55.36082890990324,Intersection,Rainy,Minor,3,2
2024-02-29 02:00:00,Emirates Rd,25.31959818254342,55.2928582848859,Intersection,Rainy,Severe,3,2
2024-05-12 18:00:00,Deira,25.27959754525911,55.444138505912086,City Road,Rainy,Moderate,6,18
2024-01-20 15:00:00,Sheikh Zayed Rd,25.146805592132733,55.40541935176616,Intersection,Clear,Moderate,5,15
2024-03-15 08:00:00,Deira,25.146798356100863,55.24878508180347,Intersection,Foggy,Severe,4,8
2024-01-02 09:00:00,Bur Dubai,25.11742508365046,55.473278155348154,Highway,Rainy,Minor,1,9
2024-02-23 22:00:00,Bur Dubai,25.35985284373248,55.446761172876954,Highway,Rainy,Minor,4,22
2024-04-19 07:00:00,Sheikh Zayed Rd,25.280334503522962,55.48493997398758,City Road,Rainy,Moderate,4,7
2024-05-13 03:00:00,Al Khail Rd,25.312421773338812,55.41771585251651,Intersection,Rainy,Minor,0,3
2024-01-26 11:00:00,Sheikh Zayed Rd,25.10617534828874,55.38402455878074,Intersection,Rainy,Severe,4,11
2024-02-20 18:00:00,Business Bay,25.390972955648596,55.325472910887186,Highway,Foggy,Severe,1,18
2024-04-20 15:00:00,Emirates Rd,25.349732792240125,55.479818545006204,Intersection,Foggy,Moderate,5,15
2024-01-14 19:00:00,Al Khail Rd,25.163701733203485,55.459819166850124,Highway,Rainy,Severe,6,19
2024-02-12 10:00:00,Sheikh Zayed Rd,25.15454749016213,55.21356560103186,City Road,Clear,Severe,0,10
2024-04-13 22:00:00,Deira,25.15502135295603,55.20791009234918,Highway,Foggy,Moderate,5,22
2024-02-29 01:00:00,Al Khail Rd,25.191272672887862,55.31293901006342,Intersection,Clear,Severe,3,1
2024-05-31 04:00:00,Al Khail Rd,25.25742692948967,55.44316599923455,City Road,Foggy,Severe,4,4
2024-04-08 01:00:00,Sheikh Zayed Rd,25.229583505592636,55.49618283879448,Highway,Rainy,Severe,0,1
2024-02-18 15:00:00,Al Khail Rd,25.187368742059412,55.24512506733106,Highway,Foggy,Minor,6,15
2024-02-25 19:00:00,Deira,25.283555868416713,55.37823921460564,City Road,Rainy,Moderate,6,19
2024-03-22 21:00:00,Bur Dubai,25.141848158195614,55.31426725698931,City Road,Foggy,Moderate,4,21
2024-01-13 10:00:00,Al Khail Rd,25.187643394560567,55.49097431934438,Highway,Rainy,Moderate,5,10
2024-01-08 21:00:00,Bur Dubai,25.209908552988107,55.452635676940716,Intersection,Rainy,Minor,0,21
2024-06-09 14:00:00,Deira,25.23682099526511,55.45149861141334,Highway,Rainy,Minor,6,14
2024-05-01 12:00:00,Sheikh Zayed Rd,25.335552788417903,55.340607947938494,City Road,Rainy,Moderate,2,12
2024-02-01 20:00:00,Emirates Rd,25.15990213464751,55.3244458507013,Highway,Clear,Minor,3,20
2024-03-22 17:00:00,Al Khail Rd,25.254270331524083,55.28202212157922,City Road,Rainy,Moderate,4,17
2024-01-25 00:00:00,Emirates Rd,25.277724370658614,55.21691264899528,City Road,Clear,Minor,3,0
2024-01-16 06:00:00,Deira,25.113935123816,55.45941671287652,Intersection,Clear,Severe,1,6
2024-02-29 17:00:00,Al Khail Rd,25.28226345557043,55.44387030273902,City Road,Rainy,Severe,3,17
2024-01-15 06:00:00,Bur Dubai,25.151157237106187,55.49991530198584,City Road,Clear,Moderate,0,6
2024-01-19 03:00:00,Business Bay,25.119515477895586,55.498991051122175,Intersection,Foggy,Minor,4,3
2024-04-13 08:00:00,Emirates Rd,25.384665661175998,55.36662951168079,City Road,Rainy,Minor,5,8
2024-03-16 13:00:00,Al Khail Rd,25.389689609922367,55.430696224554154,Intersection,Clear,Severe,5,13
2024-01-02 17:00:00,Emirates Rd,25.342519204434936,55.48342971896473,Intersection,Rainy,Severe,1,17
2024-04-12 02:00:00,Al Khail Rd,25.191384130752013,55.454894217203226,City Road,Rainy,Minor,4,2
2024-01-28 20:00:00,Sheikh Zayed Rd,25.129301634201916,55.274204430522964,City Road,Rainy,Minor,6,20
2024-02-14 22:00:00,Bur Dubai,25.305269907953647,55.33516324059303,Highway,Clear,Minor,2,22
2024-03-06 01:00:00,Emirates Rd,25.23204574812188,55.23874782454545,Intersection,Foggy,Minor,2,1
2024-01-15 07:00:00,Business Bay,25.136611470453435,55.48621530817762,Highway,Foggy,Minor,0,7
2024-01-12 07:00:00,Business Bay,25.24855307303338,55.38185239033527,City Road,Clear,Minor,4,7
2024-05-05 05:00:00,Deira,25.110316556334567,55.26859284165104,Highway,Rainy,Moderate,6,5
2024-05-14 07:00:00,Al Khail Rd,25.372796120623633,55.401510205321756,Intersection,Clear,Minor,1,7
2024-05-03 19:00:00,Emirates Rd,25.177633994480004,55.38543847213737,Highway,Clear,Severe,4,19
2024-03-15 04:00:00,Deira,25.298756685306195,55.307448815409856,Intersection,Clear,Moderate,4,4
2024-01-07 13:00:00,Emirates Rd,25.193513322826824,55.23406727765989,City Road,Rainy,Minor,6,13
2024-03-07 06:00:00,Al Khail Rd,25.256020406353343,55.40147195867784,City Road,Clear,Severe,3,6
2024-01-06 06:00:00,Business Bay,25.264013083802983,55.35609231027114,Intersection,Rainy,Moderate,5,6
2024-03-12 07:00:00,Sheikh Zayed Rd,25.155456336657657,55.431695517520694,City Road,Clear,Severe,1,7
2024-03-05 10:00:00,Business Bay,25.390875388329366,55.3560490503336,City Road,Foggy,Minor,1,10
2024-03-07 00:00:00,Deira,25.332539847008334,55.455654450095565,City Road,Clear,Minor,3,0
2024-03-03 03:00:00,Bur Dubai,25.381849682469255,55.36557205163235,City Road,Clear,Minor,6,3
2024-02-05 03:00:00,Sheikh Zayed Rd,25.368448205128292,55.36828139146062,Intersection,Foggy,Minor,0,3
2024-04-16 03:00:00,Deira,25.279369993643325,55.4629960807975,Highway,Rainy,Moderate,1,3
2024-02-06 07:00:00,Al Khail Rd,25.376562270506934,55.32104485986372,Highway,Rainy,Moderate,1,7
2024-01-29 02:00:00,Sheikh Zayed Rd,25.126547750615575,55.2402045685352,City Road,Clear,Severe,0,2
2024-05-04 05:00:00,Deira,25.158794858725745,55.208634802894004,Highway,Foggy,Minor,5,5
2024-01-18 05:00:00,Al Khail Rd,25.113568186673163,55.42654117670209,Highway,Rainy,Severe,3,5
2024-01-30 06:00:00,Business Bay,25.19759909922898,55.38609286540604,City Road,Clear,Moderate,1,6
2024-03-09 20:00:00,Bur Dubai,25.216603186906845,55.41122393042977,City Road,Foggy,Minor,5,20
2024-05-25 00:00:00,Al Khail Rd,25.18140470953217,55.26388924845268,Highway,Rainy,Minor,5,0
2024-03-21 07:00:00,Emirates Rd,25.348621252745577,55.24091144267604,Intersection,Rainy,Moderate,3,7
2024-04-22 01:00:00,Al Khail Rd,25.207025998008078,55.20436339970037,City Road,Foggy,Moderate,0,1
2024-03-16 02:00:00,Al Khail Rd,25.184280352906214,55.30517626764198,Intersection,Foggy,Moderate,5,2
2024-01-31 14:00:00,Bur Dubai,25.262808824947474,55.376975306056394,Highway,Foggy,Moderate,2,14
2024-06-04 14:00:00,Emirates Rd,25.142277267492428,55.31767321352992,City Road,Foggy,Moderate,1,14
2024-04-22 15:00:00,Deira,25.34065909422621,55.33124247660712,Intersection,Clear,Minor,0,15
2024-05-29 21:00:00,Deira,25.12236519310393,55.47124760834812,City Road,Foggy,Moderate,2,21
2024-01-23 02:00:00,Al Khail Rd,25.396066080980155,55.30447664010699,Highway,Rainy,Minor,1,2
2024-01-13 21:00:00,Emirates Rd,25.331673430788996,55.354196846747946,Intersection,Rainy,Minor,5,21
2024-05-22 02:00:00,Emirates Rd,25.159614704460253,55.435095903822344,Highway,Clear,Moderate,2,2
2024-02-04 16:00:00,Bur Dubai,25.101656635137083,55.318962834696386,Highway,Rainy,Moderate,6,16
2024-01-06 09:00:00,Business Bay,25.34463842853645,55.38662601006836,City Road,Rainy,Minor,5,9
2024-03-02 21:00:00,Deira,25.312057203154286,55.45870911262402,Intersection,Foggy,Moderate,5,21
2024-02-14 12:00:00,Bur Dubai,25.318702150412296,55.48485618709729,Highway,Rainy,Moderate,2,12
2024-04-11 21:00:00,Sheikh Zayed Rd,25.331381104005782,55.24412204427871,Highway,Clear,Moderate,3,21
2024-06-13 11:00:00,Deira,25.122213395520227,55.47797628754845,Intersection,Foggy,Severe,3,11
2024-06-06 14:00:00,Bur Dubai,25.207539718563282,55.34763488792386,Highway,Foggy,Minor,3,14
2024-05-07 05:00:00,Deira,25.13476071785754,55.27747331648969,Highway,Clear,Severe,1,5
2024-04-05 00:00:00,Business Bay,25.358931027762676,55.33774072687148,Intersection,Foggy,Moderate,4,0
2024-06-06 00:00:00,Sheikh Zayed Rd,25.286989438048266,55.49400977258564,Intersection,Foggy,Severe,3,0
2024-05-13 13:00:00,Business Bay,25.199269407455795,55.34778542819786,Intersection,Clear,Moderate,0,13
2024-05-18 15:00:00,Sheikh Zayed Rd,25.11906750508581,55.298625483086255,Intersection,Foggy,Severe,5,15
2024-01-22 09:00:00,Al Khail Rd,25.193294696514698,55.39002025629502,City Road,Clear,Moderate,0,9
2024-02-02 14:00:00,Bur Dubai,25.197554996608023,55.27204368563346,Intersection,Clear,Severe,4,14
2024-06-10 07:00:00,Sheikh Zayed Rd,25.31888185350142,55.2227589984326,City Road,Rainy,Severe,0,7
2024-03-04 14:00:00,Business Bay,25.291267241406562,55.238663916573195,City Road,Rainy,Severe,0,14
2024-04-12 00:00:00,Deira,25.366163822772897,55.23841375168733,City Road,Foggy,Minor,4,0
2024-04-05 19:00:00,Sheikh Zayed Rd,25.241664477548586,55.24557080805369,Highway,Foggy,Severe,4,19
2024-05-28 09:00:00,Bur Dubai,25.13587827378149,55.24164815179483,City Road,Clear,Minor,1,9
2024-03-25 20:00:00,Sheikh Zayed Rd,25.313973436166897,55.39226242344097,City Road,Foggy,Moderate,0,20
2024-05-02 03:00:00,Emirates Rd,25.328235514585067,55.254564025319745,Highway,Clear,Severe,3,3
2024-02-23 21:00:00,Deira,25.268383159270847,55.30370018499716,Highway,Clear,Moderate,4,21
2024-04-30 19:00:00,Bur Dubai,25.331290153986366,55.469036522971805,Highway,Foggy,Moderate,1,19
2024-06-06 09:00:00,Bur Dubai,25.248138678909317,55.34218849207886,Intersection,Clear,Severe,3,9
2024-05-13 14:00:00,Al Khail Rd,25.256819848814597,55.400267321556306,Highway,Rainy,Minor,0,14
2024-05-11 09:00:00,Business Bay,25.228262305507567,55.25169596136049,Highway,Foggy,Severe,5,9
2024-06-01 20:00:00,Al Khail Rd,25.10762573802323,55.257686705642605,City Road,Rainy,Moderate,5,20
2024-03-01 01:00:00,Bur Dubai,25.132367428097993,55.21226058487995,Highway,Foggy,Moderate,4,1
2024-01-07 23:00:00,Deira,25.10942875570602,55.250680518921655,Intersection,Clear,Severe,6,23
2024-03-11 08:00:00,Sheikh Zayed Rd,25.290923123379134,55.28357710170959,Highway,Foggy,Minor,0,8
2024-02-28 22:00:00,Sheikh Zayed Rd,25.194306794322898,55.25310314528303,Intersection,Rainy,Minor,2,22
2024-04-29 18:00:00,Deira,25.252571207349412,55.226610760127116,Highway,Clear,Moderate,0,18
2024-05-11 19:00:00,Bur Dubai,25.372269942177827,55.236190761330185,Highway,Foggy,Moderate,5,19
2024-03-23 22:00:00,Sheikh Zayed Rd,25.174787668744663,55.33823363040982,Highway,Foggy,Minor,5,22
2024-05-22 13:00:00,Sheikh Zayed Rd,25.22311487691069,55.26190011552174,Highway,Foggy,Severe,2,13
2024-04-25 16:00:00,Sheikh Zayed Rd,25.326665341562915,55.309280958314424,Intersection,Rainy,Moderate,3,16
2024-06-02 17:00:00,Business Bay,25.168639449647486,55.35102518125646,Intersection,Rainy,Minor,6,17
2024-01-20 19:00:00,Business Bay,25.123093972948638,55.40711844858881,City Road,Foggy,Moderate,5,19
2024-04-19 15:00:00,Emirates Rd,25.18692543587413,55.21179364195233,Intersection,Clear,Severe,4,15
2024-05-28 15:00:00,Al Khail Rd,25.148366386176203,55.43982311967272,Highway,Clear,Minor,1,15
2024-02-29 22:00:00,Deira,25.37890929570277,55.38837011684728,City Road,Rainy,Moderate,3,22
2024-03-01 22:00:00,Deira,25.342436113869326,55.22452770958466,City Road,Clear,Severe,4,22
2024-03-28 04:00:00,Deira,25.29002112695313,55.462073587232034,City Road,Rainy,Moderate,3,4
2024-03-25 18:00:00,Emirates Rd,25.361438177056314,55.47626172015954,Highway,Foggy,Severe,0,18
2024-03-08 13:00:00,Business Bay,25.341101623069733,55.21832338795646,Intersection,Rainy,Severe,4,13
2024-01-06 04:00:00,Bur Dubai,25.155971017665813,55.28306329444416,Highway,Rainy,Minor,5,4
2024-04-13 13:00:00,Bur Dubai,25.36776769954699,55.44186038393792,City Road,Foggy,Severe,5,13
2024-02-15 07:00:00,Emirates Rd,25.261802672574696,55.4244779071151,Highway,Clear,Moderate,3,7
2024-02-15 16:00:00,Bur Dubai,25.342232046549217,55.25535630580691,Highway,Rainy,Severe,3,16
2024-02-13 09:00:00,Deira,25.368827389977046,55.26280479700102,Intersection,Rainy,Severe,1,9
2024-04-14 23:00:00,Al Khail Rd,25.19540104249156,55.31114163083742,Intersection,Foggy,Minor,6,23
2024-05-22 10:00:00,Sheikh Zayed Rd,25.133015577358304,55.34535689555731,City Road,Clear,Severe,2,10
2024-04-30 10:00:00,Business Bay,25.168380548762585,55.38547643145909,Highway,Rainy,Severe,1,10
2024-06-04 10:00:00,Business Bay,25.228132336587876,55.310674091870936,Highway,Foggy,Moderate,1,10
2024-06-13 16:00:00,Emirates Rd,25.345404429776746,55.338760414839946,Intersection,Rainy,Minor,3,16
2024-02-06 13:00:00,Business Bay,25.358219174976902,55.424241281440125,Highway,Foggy,Minor,1,13
2024-02-26 00:00:00,Deira,25.10208563915936,55.21100496086718,Highway,Clear,Minor,0,0
2024-04-06 07:00:00,Bur Dubai,25.25322419077327,55.27573108330321,Highway,Clear,Severe,5,7
2024-03-17 02:00:00,Deira,25.225223300944634,55.414004875765364,Intersection,Clear,Minor,6,2
2024-02-29 11:00:00,Emirates Rd,25.16663234314122,55.46856205130616,City Road,Clear,Severe,3,11
2024-05-25 15:00:00,Deira,25.135959610200107,55.3535032326347,City Road,Rainy,Severe,5,15
2024-03-26 08:00:00,Bur Dubai,25.20128455142109,55.3596340455796,Highway,Rainy,Moderate,1,8
2024-06-01 08:00:00,Al Khail Rd,25.382872911173756,55.23215160340194,City Road,Clear,Moderate,5,8
2024-05-03 04:00:00,Emirates Rd,25.196960879606227,55.33422371004704,Intersection,Clear,Moderate,4,4
2024-06-06 11:00:00,Al Khail Rd,25.25563718652301,55.35978517993651,Intersection,Clear,Moderate,3,11
2024-05-10 01:00:00,Sheikh Zayed Rd,25.31090568766855,55.27274115109042,City Road,Rainy,Moderate,4,1
2024-03-01 16:00:00,Al Khail Rd,25.20908888071379,55.28077296928482,City Road,Clear,Severe,4,16
2024-05-25 11:00:00,Sheikh Zayed Rd,25.391534624816288,55.31318524893139,Highway,Clear,Severe,5,11
2024-06-15 06:00:00,Sheikh Zayed Rd,25.388734188482633,55.20602135933332,City Road,Clear,Minor,5,6
2024-01-15 08:00:00,Al Khail Rd,25.17553468874761,55.29662374967496,Highway,Foggy,Severe,0,8
2024-02-20 08:00:00,Emirates Rd,25.249174551767716,55.263434402098966,Highway,Clear,Severe,1,8
2024-04-15 08:00:00,Bur Dubai,25.190263492945032,55.29824920565338,Intersection,Foggy,Moderate,0,8
2024-02-22 12:00:00,Deira,25.185452148313242,55.235928639545776,Intersection,Foggy,Severe,3,12
2024-05-30 22:00:00,Deira,25.11106608420636,55.46715818422197,Intersection,Clear,Moderate,3,22
2024-03-27 13:00:00,Bur Dubai,25.28286930019397,55.37807773606622,Intersection,Foggy,Minor,2,13
2024-03-09 06:00:00,Sheikh Zayed Rd,25.250803706968657,55.40373069574335,City Road,Clear,Minor,5,6
2024-02-21 07:00:00,Sheikh Zayed Rd,25.115443625374997,55.436751371582204,Intersection,Rainy,Severe,2,7
2024-01-31 10:00:00,Emirates Rd,25.183593939270985,55.349532659678715,City Road,Rainy,Minor,2,10
2024-04-15 03:00:00,Business Bay,25.372479765789993,55.22607608642623,Intersection,Rainy,Severe,0,3
2024-04-03 05:00:00,Al Khail Rd,25.171868567200093,55.361131962545564,City Road,Rainy,Minor,2,5
2024-03-15 20:00:00,Sheikh Zayed Rd,25.143468461627368,55.376052335406264,Highway,Foggy,Moderate,4,20
2024-03-05 15:00:00,Deira,25.24683582808327,55.4236318422553,City Road,Clear,Moderate,1,15
2024-05-09 07:00:00,Emirates Rd,25.39569513623318,55.32949786386891,City Road,Clear,Moderate,3,7
2024-02-04 11:00:00,Al Khail Rd,25.17261658145345,55.23827409083867,Intersection,Clear,Moderate,6,11
2024-05-31 12:00:00,Emirates Rd,25.301640664221765,55.28513277173962,City Road,Rainy,Severe,4,12
2024-03-06 06:00:00,Al Khail Rd,25.328485884598614,55.30892468891959,Highway,Rainy,Minor,2,6
2024-01-17 16:00:00,Al Khail Rd,25.17129126319772,55.39377517239948,Highway,Clear,Severe,2,16
2024-05-26 11:00:00,Bur Dubai,25.318464904583557,55.37123349140067,Intersection,Rainy,Moderate,6,11
2024-05-10 05:00:00,Sheikh Zayed Rd,25.210334939815777,55.30682901776935,Highway,Clear,Severe,4,5
2024-03-22 05:00:00,Emirates Rd,25.289691749178072,55.49595457463789,City Road,Clear,Minor,4,5
2024-05-25 01:00:00,Emirates Rd,25.29005891322827,55.38173244580707,Highway,Clear,Severe,5,1
2024-04-08 17:00:00,Bur Dubai,25.260732405222427,55.2711680375208,Intersection,Clear,Minor,0,17
2024-05-06 14:00:00,Deira,25.127086931016322,55.23053474178612,City Road,Clear,Severe,0,14
2024-01-28 01:00:00,Deira,25.35059074867677,55.2458577417553,Intersection,Clear,Minor,6,1
2024-03-03 01:00:00,Sheikh Zayed Rd,25.19623401949152,55.27378731851535,City Road,Clear,Minor,6,1
2024-06-05 05:00:00,Sheikh Zayed Rd,25.155955553119956,55.248204411977866,Highway,Rainy,Moderate,2,5
2024-01-03 19:00:00,Business Bay,25.11223254246643,55.2559701072154,Intersection,Clear,Minor,2,19
2024-01-23 18:00:00,Bur Dubai,25.277267882956473,55.285528550608156,Intersection,Clear,Moderate,1,18
2024-05-23 13:00:00,Deira,25.303269308552686,55.25201207858843,City Road,Rainy,Moderate,3,13
2024-01-13 12:00:00,Al Khail Rd,25.10497634867836,55.469029627387926,Intersection,Rainy,Moderate,5,12
2024-04-25 03:00:00,Emirates Rd,25.253627917489784,55.224070123698496,City Road,Rainy,Severe,3,3
2024-01-13 10:00:00,Sheikh Zayed Rd,25.16794873255938,55.35735341687108,City Road,Clear,Severe,5,10
2024-01-05 07:00:00,Emirates Rd,25.293551837122834,55.3231190480969,City Road,Foggy,Severe,4,7
2024-02-07 03:00:00,Emirates Rd,25.1523099287015,55.49471358507258,City Road,Foggy,Severe,2,3
2024-04-14 18:00:00,Business Bay,25.30728132143074,55.23361167065042,Highway,Rainy,Minor,6,18
2024-03-21 07:00:00,Deira,25.21602060389016,55.31935667971372,City Road,Foggy,Minor,3,7
2024-06-01 13:00:00,Sheikh Zayed Rd,25.38101899662102,55.49084112998261,Intersection,Rainy,Severe,5,13
2024-03-13 04:00:00,Emirates Rd,25.1412562832438,55.459652137768195,Highway,Clear,Minor,2,4
2024-02-29 11:00:00,Sheikh Zayed Rd,25.20231990531508,55.445121621284784,Intersection,Foggy,Minor,3,11
2024-03-12 11:00:00,Al Khail Rd,25.134042056372177,55.277370848113485,Highway,Clear,Moderate,1,11
2024-02-02 16:00:00,Business Bay,25.377408085483566,55.251266276217024,City Road,Foggy,Moderate,4,16
2024-05-03 08:00:00,Al Khail Rd,25.363201806014292,55.40059296597733,Highway,Clear,Moderate,4,8
2024-02-22 12:00:00,Sheikh Zayed Rd,25.177382488314546,55.478812796738275,Highway,Foggy,Moderate,3,12
2024-01-07 23:00:00,Sheikh Zayed Rd,25.297995213810253,55.36702886790418,Intersection,Clear,Minor,6,23
2024-03-16 04:00:00,Deira,25.345166660060364,55.37148380684097,Intersection,Clear,Severe,5,4
2024-06-14 03:00:00,Emirates Rd,25.266560243479837,55.28399372809809,City Road,Foggy,Minor,4,3
2024-03-24 19:00:00,Emirates Rd,25.2588951735068,55.43084787995758,Highway,Clear,Minor,6,19
2024-05-04 06:00:00,Al Khail Rd,25.172555687270137,55.25611312456726,Highway,Clear,Minor,5,6
2024-03-03 07:00:00,Business Bay,25.12793083034177,55.297103770921275,Highway,Clear,Moderate,6,7
2024-05-13 13:00:00,Bur Dubai,25.369164727385996,55.32763093158493,City Road,Foggy,Moderate,0,13
2024-05-28 21:00:00,Emirates Rd,25.370125417148998,55.35228311360534,City Road,Foggy,Moderate,1,21
2024-03-26 14:00:00,Deira,25.28993043718198,55.27272291972453,City Road,Clear,Severe,1,14
2024-04-22 02:00:00,Al Khail Rd,25.20170893731461,55.234451047421764,City Road,Clear,Minor,0,2
2024-05-25 16:00:00,Al Khail Rd,25.2047628723838,55.383186012732494,City Road,Foggy,Severe,5,16
2024-03-27 23:00:00,Bur Dubai,25.31778670366107,55.28658916597208,Intersection,Foggy,Moderate,2,23
2024-03-10 06:00:00,Deira,25.369133077985772,55.37437146642679,Highway,Clear,Severe,6,6
2024-04-09 03:00:00,Business Bay,25.366125927279533,55.246308814582264,Highway,Clear,Minor,1,3
2024-03-08 12:00:00,Deira,25.333962663757287,55.34434203055645,Highway,Clear,Minor,4,12
2024-05-03 18:00:00,Business Bay,25.292609493846285,55.35977682976548,Highway,Rainy,Moderate,4,18
2024-05-08 12:00:00,Deira,25.125241989498516,55.21554706104673,Highway,Foggy,Moderate,2,12
2024-01-01 05:00:00,Deira,25.148488614228384,55.30098128345818,Highway,Rainy,Severe,0,5
2024-06-11 16:00:00,Sheikh Zayed Rd,25.369566256558123,55.240324403081694,Highway,Foggy,Moderate,1,16
2024-02-22 13:00:00,Al Khail Rd,25.281928717897877,55.21901249114183,Highway,Foggy,Moderate,3,13
2024-06-12 12:00:00,Deira,25.10275911548499,55.496988069716984,Intersection,Foggy,Minor,2,12
2024-01-28 06:00:00,Bur Dubai,25.13044146285981,55.296706153492416,Highway,Foggy,Moderate,6,6
2024-03-16 15:00:00,Deira,25.299050530732416,55.44296233375639,Intersection,Foggy,Moderate,5,15
2024-05-26 07:00:00,Emirates Rd,25.101518475153867,55.27639219642913,City Road,Foggy,Minor,6,7
2024-05-11 07:00:00,Al Khail Rd,25.14824241542525,55.40445081666718,Highway,Foggy,Minor,5,7
2024-01-23 19:00:00,Emirates Rd,25.264620136809977,55.42806835796691,City Road,Rainy,Severe,1,19
2024-01-01 09:00:00,Al Khail Rd,25.307568559307807,55.37869162218235,City Road,Clear,Moderate,0,9
2024-01-11 08:00:00,Emirates Rd,25.29558837785078,55.34147285656505,City Road,Clear,Minor,3,8
2024-02-22 00:00:00,Deira,25.16728079283817,55.32355227424418,Intersection,Rainy,Severe,3,0
2024-02-25 21:00:00,Deira,25.31365376640426,55.3046604799629,City Road,Rainy,Severe,6,21
2024-06-07 08:00:00,Sheikh Zayed Rd,25.171174726249042,55.47885874327435,City Road,Rainy,Moderate,4,8
2024-05-30 13:00:00,Bur Dubai,25.19761990944778,55.44918582233632,City Road,Rainy,Moderate,3,13
2024-01-06 19:00:00,Emirates Rd,25.323947421535408,55.48950807319996,Highway,Foggy,Severe,5,19
2024-01-09 11:00:00,Business Bay,25.294889869714165,55.23728916704567,Highway,Clear,Minor,1,11
2024-02-18 21:00:00,Sheikh Zayed Rd,25.354767023148252,55.419260242561094,Intersection,Foggy,Severe,6,21
2024-05-05 00:00:00,Emirates Rd,25.2972838676901,55.48150213704631,Intersection,Clear,Moderate,6,0
2024-05-26 08:00:00,Emirates Rd,25.270492581000642,55.2543699198497,Highway,Clear,Minor,6,8
2024-05-11 13:00:00,Sheikh Zayed Rd,25.128102430348427,55.21994888021003,Intersection,Rainy,Minor,5,13
2024-02-24 10:00:00,Deira,25.21031474091783,55.42233619478702,Highway,Foggy,Severe,5,10
2024-03-14 18:00:00,Emirates Rd,25.179560710304518,55.372341933953976,City Road,Rainy,Moderate,3,18
2024-06-08 13:00:00,Deira,25.173196893013724,55.45254863302748,City Road,Foggy,Severe,5,13
2024-05-07 07:00:00,Sheikh Zayed Rd,25.39190316642573,55.24193171298789,Intersection,Clear,Severe,1,7
2024-04-11 13:00:00,Deira,25.217929317400028,55.43858019355797,Highway,Rainy,Severe,3,13
2024-04-07 03:00:00,Al Khail Rd,25.367613966553133,55.26048819601433,Highway,Rainy,Minor,6,3
2024-02-15 06:00:00,Business Bay,25.28934158779918,55.249096782859716,Intersection,Clear,Minor,3,6
2024-01-24 13:00:00,Emirates Rd,25.338443391062494,55.2492797393793,Highway,Clear,Moderate,2,13
2024-03-08 05:00:00,Bur Dubai,25.250791127931556,55.44437241606941,City Road,Clear,Moderate,4,5
2024-02-05 15:00:00,Business Bay,25.273071165387908,55.39955916620886,Intersection,Rainy,Severe,0,15
2024-03-04 17:00:00,Deira,25.24775530814566,55.356919627430734,Intersection,Foggy,Severe,0,17
2024-03-22 19:00:00,Emirates Rd,25.158572896339415,55.30764914523705,Highway,Rainy,Severe,4,19
2024-06-07 23:00:00,Deira,25.31673563457845,55.46316016224393,Intersection,Foggy,Moderate,4,23
2024-04-17 12:00:00,Al Khail Rd,25.184231708732256,55.31773353222679,Highway,Rainy,Minor,2,12
2024-05-31 17:00:00,Sheikh Zayed Rd,25.107294789929437,55.44497983184147,Highway,Rainy,Minor,4,17
2024-01-01 23:00:00,Emirates Rd,25.29364168877215,55.33174047257107,Highway,Clear,Severe,0,23
2024-06-12 06:00:00,Al Khail Rd,25.153133203822115,55.313083328827474,Highway,Foggy,Severe,2,6
2024-05-07 05:00:00,Al Khail Rd,25.382137575305872,55.33880393570088,Highway,Rainy,Severe,1,5
2024-05-11 10:00:00,Emirates Rd,25.386178573100775,55.29041336224925,Intersection,Rainy,Severe,5,10
2024-04-02 20:00:00,Deira,25.374459317066133,55.42428281405287,City Road,Clear,Moderate,1,20
2024-03-14 07:00:00,Bur Dubai,25.211047610076633,55.35081611702775,City Road,Clear,Minor,3,7
2024-03-25 12:00:00,Al Khail Rd,25.104636984958663,55.269663808544045,Intersection,Foggy,Severe,0,12
2024-02-19 22:00:00,Business Bay,25.378495568776316,55.46987237198237,Intersection,Rainy,Moderate,0,22
2024-05-13 10:00:00,Al Khail Rd,25.228455244495194,55.31516736641196,City Road,Foggy,Severe,0,10
2024-01-02 18:00:00,Bur Dubai,25.3899964457131,55.363065858334195,City Road,Rainy,Severe,1,18
2024-03-05 12:00:00,Deira,25.389085993126773,55.47194163328936,City Road,Foggy,Minor,1,12
2024-03-12 20:00:00,Deira,25.355902836640208,55.387271398774196,City Road,Clear,Severe,1,20
2024-02-05 07:00:00,Business Bay,25.188334667620875,55.23506941221251,City Road,Rainy,Minor,0,7
2024-01-26 15:00:00,Al Khail Rd,25.21552931858058,55.48194963708404,Highway,Foggy,Minor,4,15
2024-04-04 23:00:00,Deira,25.355341001455056,55.388312415921426,Intersection,Clear,Minor,3,23
2024-03-30 04:00:00,Bur Dubai,25.195076601546884,55.30047168439713,Highway,Clear,Moderate,5,4
2024-04-28 00:00:00,Emirates Rd,25.15084782400583,55.24178162179902,City Road,Foggy,Moderate,6,0
2024-05-06 13:00:00,Sheikh Zayed Rd,25.267040378737505,55.43820755678109,City Road,Rainy,Minor,0,13
2024-04-03 22:00:00,Sheikh Zayed Rd,25.380846432248234,55.38602182677855,City Road,Rainy,Severe,2,22
2024-06-01 04:00:00,Sheikh Zayed Rd,25.308808939002493,55.360038327592896,Highway,Clear,Minor,5,4
2024-03-04 12:00:00,Al Khail Rd,25.27101835102681,55.46816777491529,Highway,Rainy,Severe,0,12
2024-06-06 12:00:00,Business Bay,25.12915294813123,55.43657916336736,City Road,Rainy,Minor,3,12
2024-04-26 14:00:00,Deira,25.28450216800975,55.24550246391983,Highway,Rainy,Severe,4,14
2024-02-22 15:00:00,Emirates Rd,25.397016155031277,55.293516620338664,Highway,Clear,Moderate,3,15
2024-04-06 10:00:00,Bur Dubai,25.14202520457096,55.27454674194434,City Road,Foggy,Severe,5,10
2024-02-04 11:00:00,Emirates Rd,25.25549889570912,55.423183887771806,Highway,Rainy,Minor,6,11
2024-05-08 08:00:00,Bur Dubai,25.363211921578387,55.21005973042074,Intersection,Clear,Moderate,2,8
2024-01-08 13:00:00,Al Khail Rd,25.32223058532626,55.370966905461394,Intersection,Clear,Severe,0,13
2024-03-07 16:00:00,Sheikh Zayed Rd,25.30910472229858,55.428737605722205,Intersection,Foggy,Severe,3,16
2024-05-30 00:00:00,Al Khail Rd,25.310745225196133,55.463029691028524,Intersection,Rainy,Severe,3,0
2024-03-19 22:00:00,Business Bay,25.207847345365927,55.30262452461477,City Road,Rainy,Severe,1,22
2024-01-05 20:00:00,Business Bay,25.18807755327935,55.4463771914016,City Road,Foggy,Severe,4,20
2024-01-27 21:00:00,Bur Dubai,25.342808346643555,55.233189521086565,City Road,Foggy,Moderate,5,21
2024-05-26 11:00:00,Deira,25.343034018403753,55.45393568752036,Intersection,Clear,Moderate,6,11
2024-01-04 05:00:00,Deira,25.36012169557403,55.2382465986996,Intersection,Clear,Moderate,3,5
2024-04-26 20:00:00,Bur Dubai,25.37397216576694,55.319186187168114,Highway,Foggy,Moderate,4,20
2024-04-06 09:00:00,Business Bay,25.253402719658283,55.43918860973387,Highway,Rainy,Minor,5,9
2024-02-07 15:00:00,Business Bay,25.25045488840616,55.24497522820464,Intersection,Clear,Moderate,2,15
2024-06-04 18:00:00,Business Bay,25.339488553690032,55.268775418569795,Intersection,Clear,Severe,1,18
2024-01-24 00:00:00,Al Khail Rd,25.29498917923333,55.41667577051792,Intersection,Rainy,Severe,2,0
2024-02-18 03:00:00,Business Bay,25.31059006317731,55.416010960963824,Intersection,Clear,Moderate,6,3
2024-06-05 21:00:00,Emirates Rd,25.33873780083083,55.39234428986559,Highway,Rainy,Severe,2,21
2024-04-09 06:00:00,Sheikh Zayed Rd,25.36700160254527,55.40818453334013,Intersection,Rainy,Moderate,1,6
2024-01-10 06:00:00,Business Bay,25.20139854705546,55.36281733300428,Highway,Rainy,Severe,2,6
2024-01-22 05:00:00,Bur Dubai,25.212674885791984,55.27553971767209,Intersection,Foggy,Minor,0,5
2024-04-11 06:00:00,Sheikh Zayed Rd,25.12819458195226,55.303708798051176,Intersection,Foggy,Minor,3,6
2024-04-28 14:00:00,Al Khail Rd,25.27348404229885,55.25447931504043,Intersection,Foggy,Moderate,6,14
2024-03-25 01:00:00,Bur Dubai,25.110782682139025,55.472535168400086,Highway,Rainy,Moderate,0,1
2024-03-06 11:00:00,Sheikh Zayed Rd,25.239679405439738,55.37501753842984,Highway,Rainy,Moderate,2,11
2024-04-05 10:00:00,Bur Dubai,25.262793390412273,55.320255425029096,City Road,Foggy,Severe,4,10
2024-02-19 23:00:00,Al Khail Rd,25.185962375638486,55.33860174109324,Intersection,Clear,Moderate,0,23
2024-04-18 08:00:00,Emirates Rd,25.2772499781707,55.484185001883546,City Road,Rainy,Minor,3,8
2024-02-29 15:00:00,Al Khail Rd,25.109150074981716,55.24600542093483,City Road,Clear,Severe,3,15
2024-06-09 22:00:00,Al Khail Rd,25.111204456624765,55.37586894960504,Highway,Clear,Moderate,6,22
2024-01-14 13:00:00,Bur Dubai,25.346780168197895,55.35176660366534,Highway,Rainy,Severe,6,13
2024-05-28 11:00:00,Deira,25.20805719242338,55.3834362706304,City Road,Rainy,Severe,1,11
2024-02-18 21:00:00,Business Bay,25.138118153795567,55.20543305514626,Intersection,Clear,Moderate,6,21
2024-05-30 11:00:00,Business Bay,25.256672978016443,55.46163717268325,Highway,Clear,Severe,3,11
2024-05-17 05:00:00,Emirates Rd,25.33099806592958,55.47963548474508,Intersection,Foggy,Minor,4,5
2024-02-21 23:00:00,Emirates Rd,25.164746308249054,55.36953995507676,Intersection,Foggy,Minor,2,23
2024-06-13 04:00:00,Business Bay,25.2868671427457,55.40899524716307,City Road,Rainy,Severe,3,4
2024-03-10 14:00:00,Deira,25.12560423949813,55.47674981435319,City Road,Foggy,Moderate,6,14
2024-01-14 13:00:00,Business Bay,25.115504516350583,55.41217159029402,City Road,Foggy,Severe,6,13
2024-04-18 05:00:00,Deira,25.259406389470445,55.245761712874284,City Road,Foggy,Minor,3,5
2024-02-07 19:00:00,Emirates Rd,25.262190536483033,55.372886508050044,Highway,Foggy,Severe,2,19
2024-03-04 05:00:00,Sheikh Zayed Rd,25.291228970449463,55.38201451391486,Highway,Clear,Severe,0,5
2024-04-19 16:00:00,Bur Dubai,25.317827400116798,55.32723920139072,City Road,Rainy,Minor,4,16
2024-01-15 05:00:00,Emirates Rd,25.39275562383876,55.42093327068742,Highway,Foggy,Severe,0,5
2024-06-02 23:00:00,Emirates Rd,25.254890104490357,55.48031010443071,City Road,Clear,Severe,6,23
2024-06-10 12:00:00,Al Khail Rd,25.196886941882376,55.47767055387203,Intersection,Clear,Moderate,0,12
2024-01-12 21:00:00,Al Khail Rd,25.33855585843061,55.335251811421244,Intersection,Clear,Moderate,4,21
2024-05-14 19:00:00,Al Khail Rd,25.181249675378623,55.23397141375223,Intersection,Foggy,Minor,1,19
2024-02-25 15:00:00,Bur Dubai,25.23169142621169,55.4954523596887,City Road,Foggy,Minor,6,15
2024-04-22 23:00:00,Al Khail Rd,25.12353691440268,55.45166942593378,Intersection,Rainy,Minor,0,23
2024-05-11 16:00:00,Deira,25.10760522302464,55.237398804360986,Highway,Foggy,Moderate,5,16
2024-03-09 06:00:00,Business Bay,25.388794524403377,55.47625256478521,Intersection,Foggy,Minor,5,6
2024-01-27 14:00:00,Sheikh Zayed Rd,25.350794036153662,55.46096890861864,Intersection,Clear,Minor,5,14
2024-01-08 12:00:00,Emirates Rd,25.30879226182811,55.35565141713782,Intersection,Rainy,Minor,0,12
2024-04-01 16:00:00,Deira,25.22268588332428,55.37738263072348,Highway,Foggy,Moderate,0,16
2024-04-10 22:00:00,Sheikh Zayed Rd,25.151988296021255,55.31970081116104,City Road,Foggy,Severe,2,22
2024-06-05 08:00:00,Deira,25.146931112801326,55.21642849164661,Highway,Clear,Minor,2,8
2024-02-10 14:00:00,Deira,25.17507286944938,55.30055917249377,City Road,Clear,Severe,5,14
2024-01-26 23:00:00,Emirates Rd,25.264767999411838,55.440856034579404,City Road,Foggy,Minor,4,23
2024-04-20 04:00:00,Business Bay,25.314378776810017,55.20138960690139,Intersection,Rainy,Severe,5,4
2024-04-04 21:00:00,Al Khail Rd,25.298059213015318,55.300049751507345,City Road,Rainy,Moderate,3,21
2024-03-04 08:00:00,Bur Dubai,25.183980169083785,55.31945060807728,Highway,Clear,Moderate,0,8
2024-02-11 13:00:00,Business Bay,25.386459584198956,55.36121868088138,Highway,Clear,Minor,6,13
2024-04-17 20:00:00,Bur Dubai,25.32136907500873,55.47595668492383,City Road,Foggy,Severe,2,20
2024-04-03 01:00:00,Emirates Rd,25.26630621575342,55.30390379830979,Intersection,Clear,Moderate,2,1
2024-02-21 10:00:00,Emirates Rd,25.283516223870304,55.30408596056887,Intersection,Foggy,Minor,2,10
2024-01-02 19:00:00,Emirates Rd,25.225880018728336,55.42125037443292,Highway,Rainy,Minor,1,19
2024-02-23 23:00:00,Sheikh Zayed Rd,25.17431929685035,55.335665382266946,Intersection,Rainy,Moderate,4,23
2024-06-05 04:00:00,Bur Dubai,25.20679180359538,55.267381446882,City Road,Foggy,Moderate,2,4
2024-04-21 19:00:00,Business Bay,25.32735383313931,55.33573185483981,City Road,Clear,Minor,6,19
2024-05-24 18:00:00,Business Bay,25.10431804658893,55.24225710611394,Highway,Rainy,Severe,4,18
2024-01-29 12:00:00,Deira,25.134821792152074,55.25291609595187,City Road,Clear,Severe,0,12
2024-05-12 08:00:00,Deira,25.113800792606526,55.34951033182185,Highway,Rainy,Severe,6,8
2024-03-22 01:00:00,Deira,25.11221864069569,55.32567763485137,City Road,Foggy,Minor,4,1
2024-06-02 02:00:00,Emirates Rd,25.3566381752033,55.47445377032043,Highway,Foggy,Moderate,6,2
2024-04-28 09:00:00,Business Bay,25.311097357814006,55.308718169734995,Intersection,Foggy,Minor,6,9
2024-02-14 19:00:00,Bur Dubai,25.242252148726198,55.37417650508341,City Road,Rainy,Moderate,2,19
2024-01-01 22:00:00,Emirates Rd,25.1293502481953,55.38967928637586,City Road,Clear,Severe,0,22
2024-05-02 14:00:00,Sheikh Zayed Rd,25.24748476253505,55.2039283369765,Highway,Clear,Severe,3,14
2024-05-21 02:00:00,Deira,25.242041531234168,55.399061211605016,Highway,Clear,Moderate,1,2
2024-06-13 15:00:00,Emirates Rd,25.151960560973006,55.253410790060926,City Road,Rainy,Moderate,3,15
2024-02-15 14:00:00,Emirates Rd,25.23015549477139,55.488321095240835,Highway,Rainy,Minor,3,14
2024-06-05 16:00:00,Sheikh Zayed Rd,25.219551420319213,55.24459881832593,City Road,Rainy,Severe,2,16
2024-05-30 19:00:00,Al Khail Rd,25.284755029415663,55.32438723711811,Intersection,Rainy,Minor,3,19
2024-05-19 02:00:00,Business Bay,25.290528095260292,55.2256049004236,Highway,Rainy,Minor,6,2
2024-01-01 16:00:00,Bur Dubai,25.113591202931616,55.49906227555378,City Road,Clear,Minor,0,16
2024-03-11 07:00:00,Al Khail Rd,25.212383784387942,55.350658503099375,Intersection,Rainy,Severe,0,7
2024-04-13 05:00:00,Deira,25.28775797471427,55.37861550519602,Intersection,Rainy,Minor,5,5
2024-01-20 15:00:00,Emirates Rd,25.250940877574028,55.22012294321653,City Road,Clear,Minor,5,15
2024-05-21 15:00:00,Sheikh Zayed Rd,25.356946952356495,55.424988141119755,Highway,Rainy,Minor,1,15
2024-02-23 00:00:00,Sheikh Zayed Rd,25.29760808948568,55.262971677928675,City Road,Clear,Minor,4,0
2024-05-08 17:00:00,Business Bay,25.14888032812443,55.469416286832214,Intersection,Clear,Minor,2,17
2024-02-28 23:00:00,Al Khail Rd,25.12117062422013,55.261541892144606,City Road,Foggy,Minor,2,23
2024-04-21 19:00:00,Business Bay,25.292725783461893,55.2572063161991,Highway,Foggy,Severe,6,19
2024-02-22 16:00:00,Emirates Rd,25.10795339316249,55.21096490035443,Intersection,Foggy,Minor,3,16
2024-06-12 17:00:00,Business Bay,25.275732674382038,55.341620083533,City Road,Foggy,Moderate,2,17
2024-06-09 04:00:00,Bur Dubai,25.382069072427488,55.369452339978785,Highway,Rainy,Minor,6,4
2024-01-09 07:00:00,Sheikh Zayed Rd,25.272642253362765,55.21971259182851,Intersection,Foggy,Minor,1,7
2024-03-19 03:00:00,Sheikh Zayed Rd,25.216450977861957,55.4326582850085,Highway,Clear,Severe,1,3
2024-01-25 01:00:00,Deira,25.292986465532707,55.33598665042441,Intersection,Rainy,Severe,3,1
2024-04-19 05:00:00,Deira,25.237475867147456,55.357317080798275,City Road,Foggy,Moderate,4,5
2024-04-30 18:00:00,Emirates Rd,25.26368503679478,55.33222882408147,Highway,Clear,Moderate,1,18
2024-04-26 03:00:00,Bur Dubai,25.382439442632958,55.3202289182626,Intersection,Rainy,Severe,4,3
2024-01-01 22:00:00,Al Khail Rd,25.21583079134023,55.36789209939246,Highway,Rainy,Severe,0,22
2024-04-14 12:00:00,Business Bay,25.388357169147174,55.24657207377922,Highway,Foggy,Minor,6,12
2024-05-18 04:00:00,Emirates Rd,25.371605192586816,55.25457843914858,City Road,Rainy,Severe,5,4
2024-05-05 04:00:00,Deira,25.15873734043679,55.45853568630405,Highway,Clear,Moderate,6,4
2024-05-18 14:00:00,Business Bay,25.12080839026255,55.48383463864009,Intersection,Rainy,Minor,5,14
2024-06-02 19:00:00,Deira,25.13023340041323,55.31199279488393,Intersection,Clear,Moderate,6,19
2024-05-08 16:00:00,Business Bay,25.105466547695467,55.281223401943066,Intersection,Rainy,Minor,2,16
2024-03-23 10:00:00,Al Khail Rd,25.12833288822678,55.393199862971706,Intersection,Foggy,Severe,5,10
2024-02-07 03:00:00,Emirates Rd,25.304902032024906,55.32262025132943,City Road,Clear,Moderate,2,3
2024-01-17 05:00:00,Business Bay,25.12135659453807,55.20761590669811,Highway,Rainy,Minor,2,5
2024-02-28 17:00:00,Bur Dubai,25.19569268908813,55.246845779209856,City Road,Rainy,Minor,2,17
2024-04-03 13:00:00,Sheikh Zayed Rd,25.353462593290836,55.41479166865422,Highway,Rainy,Severe,2,13
2024-06-05 05:00:00,Bur Dubai,25.10698158072075,55.39767718257305,Highway,Clear,Severe,2,5
2024-01-26 01:00:00,Bur Dubai,25.34434054477668,55.20812879775105,Highway,Clear,Severe,4,1
2024-05-23 15:00:00,Sheikh Zayed Rd,25.18455643243202,55.26659164857989,City Road,Clear,Moderate,3,15
2024-02-24 00:00:00,Bur Dubai,25.135449448286497,55.269322438976424,Highway,Foggy,Minor,5,0
2024-04-02 09:00:00,Business Bay,25.309021149609244,55.40156782307962,City Road,Foggy,Severe,1,9
2024-04-14 13:00:00,Business Bay,25.288682854033965,55.205913161326315,Intersection,Clear,Moderate,6,13
2024-05-31 00:00:00,Business Bay,25.363241604058114,55.231232574595374,Intersection,Rainy,Moderate,4,0
2024-06-02 04:00:00,Sheikh Zayed Rd,25.320521313141164,55.439974825611955,Highway,Foggy,Moderate,6,4
2024-03-12 04:00:00,Bur Dubai,25.341044279115454,55.2535633986163,City Road,Clear,Severe,1,4
2024-01-14 20:00:00,Sheikh Zayed Rd,25.18461037177139,55.39582383235556,Intersection,Rainy,Severe,6,20
2024-04-13 03:00:00,Business Bay,25.153231863133918,55.27145483431402,City Road,Foggy,Minor,5,3
2024-01-04 18:00:00,Bur Dubai,25.325184425492257,55.22983241782781,City Road,Rainy,Minor,3,18
2024-05-14 01:00:00,Bur Dubai,25.34205042178018,55.272951657299835,Highway,Rainy,Severe,1,1
2024-04-03 18:00:00,Deira,25.397151542600202,55.4166800795567,Intersection,Rainy,Moderate,2,18
2024-02-13 19:00:00,Deira,25.223785303073427,55.45670894043189,Highway,Rainy,Moderate,1,19
2024-05-07 10:00:00,Al Khail Rd,25.211605425737837,55.449065959370095,Highway,Foggy,Moderate,1,10
2024-01-11 15:00:00,Emirates Rd,25.3329238882226,55.319155058885535,Intersection,Foggy,Minor,3,15
2024-03-31 04:00:00,Deira,25.202241062075906,55.40042554097119,Intersection,Foggy,Moderate,6,4
2024-03-14 04:00:00,Sheikh Zayed Rd,25.379227197681068,55.26149528862475,City Road,Clear,Minor,3,4
2024-02-09 04:00:00,Deira,25.357523825552903,55.287944319078306,Intersection,Foggy,Minor,4,4
2024-02-08 09:00:00,Al Khail Rd,25.228698208212506,55.46890074555633,City Road,Rainy,Moderate,3,9
2024-02-01 06:00:00,Bur Dubai,25.32526132033745,55.203900577053226,City Road,Foggy,Moderate,3,6
2024-02-07 03:00:00,Al Khail Rd,25.326362862225405,55.225652559256346,City Road,Rainy,Severe,2,3
2024-05-16 12:00:00,Bur Dubai,25.13093716065078,55.26236587654381,Intersection,Clear,Severe,3,12
2024-01-30 12:00:00,Bur Dubai,25.37076587200387,55.20795966116215,Highway,Rainy,Moderate,1,12
2024-01-21 17:00:00,Emirates Rd,25.251575711734358,55.25443063052694,City Road,Rainy,Minor,6,17
2024-01-03 04:00:00,Deira,25.347937239832323,55.37491246829091,Highway,Rainy,Minor,2,4
2024-01-10 04:00:00,Sheikh Zayed Rd,25.196014880309185,55.32642736517775,Highway,Clear,Minor,2,4
2024-06-08 11:00:00,Sheikh Zayed Rd,25.36865696854886,55.467801513323096,Intersection,Foggy,Minor,5,11
2024-05-29 08:00:00,Business Bay,25.21676050362025,55.44523306852153,Highway,Foggy,Minor,2,8
2024-01-15 17:00:00,Bur Dubai,25.103251295444093,55.30254520550937,Highway,Clear,Severe,0,17
2024-05-29 09:00:00,Sheikh Zayed Rd,25.371614592925777,55.27782703002939,Intersection,Rainy,Moderate,2,9
2024-05-04 05:00:00,Emirates Rd,25.12738600303584,55.31390772245018,City Road,Foggy,Severe,5,5
2024-03-04 07:00:00,Bur Dubai,25.195794091277126,55.377088482754445,Highway,Clear,Minor,0,7
2024-02-21 22:00:00,Emirates Rd,25.38501859011524,55.280419092246866,Intersection,Foggy,Minor,2,22
2024-03-15 13:00:00,Sheikh Zayed Rd,25.385182144081266,55.38724467235474,Highway,Clear,Minor,4,13
2024-04-16 06:00:00,Sheikh Zayed Rd,25.272031366436984,55.322823495657374,Highway,Rainy,Minor,1,6
2024-04-10 04:00:00,Business Bay,25.28955116365094,55.365614154255596,City Road,Foggy,Moderate,2,4
2024-01-13 17:00:00,Sheikh Zayed Rd,25.234533656593495,55.330837958740595,Highway,Clear,Minor,5,17
2024-05-25 19:00:00,Bur Dubai,25.18796323150942,55.28833972786258,Intersection,Foggy,Moderate,5,19
2024-04-24 22:00:00,Bur Dubai,25.198599363610974,55.484535992088645,Highway,Foggy,Minor,2,22
2024-06-13 08:00:00,Bur Dubai,25.301755536823112,55.42908173824793,City Road,Foggy,Moderate,3,8
2024-05-25 20:00:00,Business Bay,25.325712358831304,55.24203395272994,City Road,Foggy,Severe,5,20
2024-03-25 06:00:00,Business Bay,25.337473713117753,55.460540392769374,Intersection,Clear,Minor,0,6
2024-02-22 04:00:00,Sheikh Zayed Rd,25.336885442838366,55.346229359474854,City Road,Rainy,Moderate,3,4
2024-01-14 00:00:00,Al Khail Rd,25.12736183091461,55.46836566806823,Highway,Clear,Severe,6,0
2024-04-22 20:00:00,Al Khail Rd,25.248326091410775,55.4399565767842,City Road,Clear,Minor,0,20
2024-05-12 09:00:00,Business Bay,25.117267628004996,55.32756405134077,Intersection,Clear,Minor,6,9
2024-01-21 23:00:00,Sheikh Zayed Rd,25.26485866469712,55.206740792496035,City Road,Rainy,Minor,6,23
2024-02-10 08:00:00,Al Khail Rd,25.232459150412012,55.28060320781549,City Road,Foggy,Moderate,5,8
2024-05-28 11:00:00,Sheikh Zayed Rd,25.36631125482749,55.36249026439826,City Road,Foggy,Moderate,1,11
2024-01-07 06:00:00,Sheikh Zayed Rd,25.205274503765622,55.39004346594785,Intersection,Foggy,Severe,6,6
2024-03-26 03:00:00,Sheikh Zayed Rd,25.135120104928284,55.27736630562996,City Road,Rainy,Moderate,1,3
2024-01-02 07:00:00,Deira,25.142897504615853,55.24180682222185,City Road,Foggy,Moderate,1,7
2024-02-04 23:00:00,Bur Dubai,25.32845318951524,55.45047907103979,Highway,Rainy,Minor,6,23
2024-03-19 15:00:00,Sheikh Zayed Rd,25.285465418994878,55.49532065421106,Intersection,Foggy,Minor,1,15
2024-01-30 12:00:00,Deira,25.130336802836837,55.357707054690806,City Road,Foggy,Minor,1,12
2024-03-18 03:00:00,Business Bay,25.1252320418345,55.251503785754494,Intersection,Clear,Minor,0,3
2024-01-24 22:00:00,Al Khail Rd,25.310290739437736,55.28169219795581,City Road,Rainy,Minor,2,22
2024-05-27 22:00:00,Bur Dubai,25.12182890190926,55.205517202964245,City Road,Clear,Minor,0,22
2024-02-14 14:00:00,Al Khail Rd,25.346558017787107,55.47428964196815,City Road,Clear,Minor,2,14
2024-01-16 19:00:00,Bur Dubai,25.311872668146947,55.23532532486705,Highway,Clear,Severe,1,19
2024-06-08 00:00:00,Al Khail Rd,25.124404634192572,55.372954942654275,Highway,Rainy,Severe,5,0
2024-04-17 08:00:00,Bur Dubai,25.125451314225558,55.282216566206166,Highway,Rainy,Severe,2,8
2024-03-30 20:00:00,Al Khail Rd,25.39599187355035,55.366253400754736,Intersection,Foggy,Severe,5,20
2024-05-19 23:00:00,Al Khail Rd,25.212281238726835,55.39542611650556,Intersection,Clear,Minor,6,23
2024-06-13 17:00:00,Al Khail Rd,25.211192644120068,55.44892254111216,Highway,Foggy,Severe,3,17
2024-05-22 08:00:00,Al Khail Rd,25.34383987017725,55.261926381528184,Intersection,Clear,Minor,2,8
2024-03-07 02:00:00,Business Bay,25.384174573215155,55.20329874859755,City Road,Rainy,Severe,3,2
2024-03-17 17:00:00,Sheikh Zayed Rd,25.39580031914686,55.241065689020644,City Road,Rainy,Moderate,6,17
2024-01-21 09:00:00,Emirates Rd,25.32601345557768,55.47000559255443,City Road,Rainy,Severe,6,9
2024-01-02 10:00:00,Deira,25.212877875659274,55.462167023268755,Highway,Clear,Severe,1,10
2024-04-25 23:00:00,Emirates Rd,25.1250502150096,55.379223930651094,Intersection,Rainy,Minor,3,23
2024-05-02 06:00:00,Emirates Rd,25.33314407477823,55.3801550581301,Highway,Clear,Severe,3,6
2024-02-28 00:00:00,Bur Dubai,25.267521274920743,55.39951100236388,Intersection,Foggy,Moderate,2,0
2024-03-23 16:00:00,Sheikh Zayed Rd,25.227266602774094,55.25261138358704,City Road,Clear,Minor,5,16
2024-06-04 01:00:00,Bur Dubai,25.37190631552842,55.47432358377749,Highway,Foggy,Minor,1,1
2024-06-09 04:00:00,Sheikh Zayed Rd,25.133359244691846,55.325631157467626,Intersection,Clear,Severe,6,4
2024-02-05 02:00:00,Sheikh Zayed Rd,25.24778753128726,55.31494155847485,Intersection,Foggy,Minor,0,2
2024-03-02 07:00:00,Al Khail Rd,25.103406093430227,55.355675311584854,City Road,Rainy,Minor,5,7
2024-02-08 09:00:00,Business Bay,25.240598192598238,55.21408979003252,Highway,Foggy,Minor,3,9
2024-05-31 15:00:00,Al Khail Rd,25.116890982704554,55.249885010626826,Highway,Rainy,Minor,4,15
2024-01-17 05:00:00,Business Bay,25.135645374880422,55.42141008492791,Highway,Rainy,Minor,2,5
2024-02-27 15:00:00,Bur Dubai,25.135257874033133,55.22483960037754,City Road,Foggy,Minor,1,15
2024-06-09 08:00:00,Business Bay,25.29476309063482,55.38094563283992,Highway,Clear,Moderate,6,8
2024-02-26 21:00:00,Bur Dubai,25.323813463779626,55.273604732904396,City Road,Clear,Severe,0,21
2024-03-28 14:00:00,Emirates Rd,25.27501062952915,55.3167886842126,City Road,Clear,Moderate,3,14
2024-03-31 03:00:00,Emirates Rd,25.38865176454236,55.286608121031215,City Road,Clear,Minor,6,3
2024-04-29 07:00:00,Business Bay,25.21246117385711,55.30670181493949,Intersection,Clear,Minor,0,7
2024-04-29 04:00:00,Business Bay,25.18571362588456,55.415713771555275,Highway,Rainy,Severe,0,4
2024-05-27 09:00:00,Bur Dubai,25.36057973845684,55.28913651468695,Highway,Clear,Moderate,0,9
2024-06-13 04:00:00,Al Khail Rd,25.167078751555838,55.36992139208907,City Road,Rainy,Severe,3,4
2024-02-07 00:00:00,Bur Dubai,25.388966761832183,55.34281512065973,City Road,Rainy,Moderate,2,0
2024-04-04 20:00:00,Al Khail Rd,25.103646342406947,55.3991013496088,Highway,Rainy,Minor,3,20
2024-01-23 06:00:00,Emirates Rd,25.390963648012292,55.48104892179743,City Road,Foggy,Severe,1,6
2024-06-01 02:00:00,Sheikh Zayed Rd,25.112947973585175,55.41977162916307,Highway,Foggy,Severe,5,2
2024-05-26 19:00:00,Business Bay,25.36734293410942,55.26448211357723,Intersection,Rainy,Minor,6,19
2024-05-13 13:00:00,Al Khail Rd,25.25831033272589,55.20935494051839,City Road,Foggy,Severe,0,13
2024-04-10 14:00:00,Bur Dubai,25.39788943883579,55.27867921328995,Highway,Clear,Moderate,2,14
2024-02-20 19:00:00,Emirates Rd,25.12213896942062,55.37852337921008,City Road,Clear,Moderate,1,19
2024-06-06 19:00:00,Al Khail Rd,25.266156285320395,55.21542774404528,Highway,Rainy,Moderate,3,19
2024-03-21 14:00:00,Bur Dubai,25.39079076068573,55.34890987416037,Highway,Clear,Moderate,3,14
2024-03-11 07:00:00,Business Bay,25.256929353251046,55.379052854675066,City Road,Rainy,Minor,0,7
2024-05-10 07:00:00,Business Bay,25.28881959144058,55.30027316724509,Intersection,Rainy,Severe,4,7
2024-04-16 17:00:00,Deira,25.308724606695385,55.43127366112375,Highway,Clear,Moderate,1,17
2024-02-28 18:00:00,Sheikh Zayed Rd,25.23636231943033,55.231979475940136,Highway,Foggy,Minor,2,18
2024-03-18 22:00:00,Deira,25.288267424025218,55.22254133452075,Highway,Clear,Severe,0,22
2024-05-25 05:00:00,Emirates Rd,25.27529429357693,55.41845662686108,Intersection,Clear,Severe,5,5
2024-05-06 21:00:00,Al Khail Rd,25.370347403147296,55.348647394861864,Intersection,Rainy,Minor,0,21
2024-04-24 07:00:00,Emirates Rd,25.11363391410244,55.40652071892832,City Road,Rainy,Minor,2,7
2024-02-03 10:00:00,Bur Dubai,25.18428895687767,55.33044820158113,Intersection,Rainy,Moderate,5,10
2024-03-05 04:00:00,Business Bay,25.385123445222966,55.27392060997173,City Road,Rainy,Severe,1,4
2024-03-06 18:00:00,Deira,25.367079135167273,55.44573069530226,City Road,Foggy,Severe,2,18
2024-03-21 09:00:00,Deira,25.236697025835714,55.439824763690694,Intersection,Foggy,Minor,3,9
2024-01-26 00:00:00,Deira,25.28603977934046,55.408408941256326,City Road,Foggy,Severe,4,0
2024-03-01 18:00:00,Emirates Rd,25.18321435489434,55.28164354116899,Intersection,Rainy,Moderate,4,18
2024-05-23 09:00:00,Business Bay,25.15643634791713,55.377069200060724,City Road,Rainy,Severe,3,9
2024-02-01 21:00:00,Al Khail Rd,25.239109521481996,55.30829216908201,Intersection,Rainy,Minor,3,21
2024-02-11 01:00:00,Bur Dubai,25.206005668407816,55.22747462199799,Intersection,Foggy,Minor,6,1
2024-01-13 19:00:00,Al Khail Rd,25.27509683355526,55.47519407263867,City Road,Rainy,Moderate,5,19
2024-04-06 00:00:00,Emirates Rd,25.123320391089496,55.24104558927569,Highway,Clear,Moderate,5,0
2024-05-09 05:00:00,Bur Dubai,25.39231844229985,55.48507120614624,City Road,Clear,Severe,3,5
2024-02-11 16:00:00,Deira,25.39586322334388,55.33380173188739,Intersection,Rainy,Severe,6,16
