timestamp,location,lat,lon,avg_speed,congestion_level,hour,day_of_week
2024-01-30 09:34:00,Deira,25.302205975717637,55.40390916505,55.8001004718828,High,9,1
2024-02-15 09:18:00,Al Khail Rd,25.11555073973592,55.21700412964975,40.8145389567032,Low,9,3
2024-02-01 03:05:00,Bur Dubai,25.264657599523208,55.21040181126782,67.72941482436701,High,3,3
2024-01-30 03:37:00,Al Khail Rd,25.186289818713103,55.31757316888317,47.485772849480625,Medium,3,1
2024-01-19 18:40:00,Emirates Rd,25.19203297985664,55.4091491076414,92.76145100070684,Medium,18,4
2024-01-22 01:54:00,Bur Dubai,25.20588755103571,55.25803060288695,68.55760812531774,Medium,1,0
2024-02-17 17:43:00,Sheikh Zayed Rd,25.286387734714882,55.39245134437687,51.29027546169073,Low,17,5
2024-01-16 23:30:00,Sheikh Zayed Rd,25.20021498970063,55.277948441382094,50.829221289170576,Medium,23,1
2024-01-23 16:18:00,Business Bay,25.319809715177083,55.46582583264406,58.60583690079618,High,16,1
2024-01-31 02:36:00,Emirates Rd,25.22135821567216,55.468706983279986,56.407471169673755,Medium,2,2
2024-03-05 09:31:00,Business Bay,25.120505960092988,55.2891861612844,76.75250663294932,High,9,1
2024-02-21 12:38:00,Bur Dubai,25.335127952745232,55.268998126188976,62.7962425461607,Medium,12,2
2024-02-11 07:54:00,Emirates Rd,25.185727497377812,55.32339119161987,49.02552391637208,Low,7,6
2024-01-16 18:14:00,Deira,25.229830063879778,55.27215947555405,88.35661027733674,Low,18,1
2024-02-13 12:36:00,Al Khail Rd,25.30563316496657,55.401715152987514,60.73962497280334,High,12,1
2024-01-29 00:41:00,Deira,25.199736847144614,55.447819405364484,71.53259513953346,Low,0,0
2024-02-03 10:19:00,Bur Dubai,25.116975696844015,55.40192763927337,50.87660238832861,High,10,5
2024-03-04 03:27:00,Emirates Rd,25.212176314103843,55.447305134174805,65.44673441616786,High,3,0
2024-03-01 05:51:00,Bur Dubai,25.38333457480829,55.31909764866224,64.66664986714792,Low,5,4
2024-01-13 04:47:00,Al Khail Rd,25.292520319189567,55.24689509121266,31.655260618557705,Low,4,5
2024-02-27 05:58:00,Sheikh Zayed Rd,25.30144374460016,55.42138528421928,90.2291266569096,Medium,5,1
2024-03-07 15:02:00,Sheikh Zayed Rd,25.289684646091292,55.308142351542465,79.35966691383821,Low,15,3
2024-03-02 12:10:00,Bur Dubai,25.15969764168783,55.40138124756874,54.04207025781019,Medium,12,5
2024-01-11 11:18:00,Business Bay,25.225500159230684,55.281193182594535,43.465953893162165,Medium,11,3
2024-01-25 13:35:00,Emirates Rd,25.325281939508994,55.224368890442,65.21342420705328,Medium,13,3
2024-02-28 16:06:00,Emirates Rd,25.13041186926595,55.497774538646325,61.300465491215945,Medium,16,2
2024-01-21 10:33:00,Sheikh Zayed Rd,25.183355832826916,55.24686045237918,65.33503422844844,Low,10,6
2024-02-04 01:46:00,Deira,25.182895732539755,55.496526298189046,62.87366094291134,Medium,1,6
2024-03-01 03:26:00,Al Khail Rd,25.229605678278354,55.49318397976993,67.5936148395889,Low,3,4
2024-01-09 02:23:00,Deira,25.394110622282653,55.438145431172416,81.7095854908771,Low,2,1
2024-02-15 11:43:00,Deira,25.12025076400515,55.3978268886246,68.52154807692969,Medium,11,3
2024-01-24 21:48:00,Bur Dubai,25.255610298314178,55.373342115075324,44.25516751635088,High,21,2
2024-01-16 01:26:00,Sheikh Zayed Rd,25.153809404603663,55.45983046361335,80.43844279068678,Low,1,1
2024-01-17 14:35:00,Sheikh Zayed Rd,25.391202963622924,55.28683185648585,84.60921845232431,Medium,14,2
2024-02-07 07:21:00,Sheikh Zayed Rd,25.133991051418242,55.34030436374547,107.28085101768127,Medium,7,2
2024-01-22 11:58:00,Bur Dubai,25.22108030070848,55.38581699080995,43.14758950140603,Low,11,0
2024-02-01 18:19:00,Business Bay,25.32136549545038,55.32335714276085,63.64323019725413,Low,18,3
2024-01-23 20:33:00,Deira,25.311366328408234,55.328245936227084,28.76851945216519,High,20,1
2024-02-10 08:04:00,Bur Dubai,25.22681859106818,55.299085400250625,68.29723734568813,Medium,8,5
2024-02-22 08:32:00,Emirates Rd,25.203957250385816,55.36926954500536,51.776995527498414,Medium,8,3
2024-01-01 04:21:00,Al Khail Rd,25.21928371356586,55.45517235840453,88.8516869223743,Medium,4,0
2024-02-23 11:36:00,Business Bay,25.179282878947593,55.26045851340189,48.38077544972127,Low,11,4
2024-02-27 14:09:00,Emirates Rd,25.16159988161204,55.48032991162603,34.662254430491075,Medium,14,1
2024-02-04 04:08:00,Deira,25.244911909267667,55.40672629612447,52.9310438894622,Medium,4,6
2024-01-30 00:55:00,Sheikh Zayed Rd,25.180560126820282,55.44698196380401,30.36768343174294,Medium,0,1
2024-02-08 17:44:00,Deira,25.186238499469177,55.366857207789,71.26649181760965,Low,17,3
2024-01-31 03:00:00,Bur Dubai,25.297026819042365,55.43385501042722,29.02375430615519,Low,3,2
2024-03-03 03:35:00,Al Khail Rd,25.390561199509968,55.20486011920184,60.42686371774738,Low,3,6
2024-01-30 12:25:00,Bur Dubai,25.28109116016781,55.44551412743386,28.83282270215705,High,12,1
2024-01-30 02:11:00,Business Bay,25.12309384011949,55.212041657725614,55.19553293195037,Medium,2,1
2024-01-26 21:32:00,Business Bay,25.12267508415622,55.46697401290886,84.65067233706802,Medium,21,4
2024-01-28 08:51:00,Al Khail Rd,25.385426966253668,55.497588824171594,65.40971837153693,Low,8,6
2024-01-28 17:19:00,Emirates Rd,25.189187237092202,55.28822023865303,47.04759592552599,Low,17,6
2024-03-01 02:32:00,Emirates Rd,25.127620095824742,55.26309556688574,59.53194766591374,Medium,2,4
2024-01-17 10:36:00,Business Bay,25.279713376145114,55.42960900915741,60.2702530806667,Medium,10,2
2024-01-09 14:15:00,Business Bay,25.28709463348708,55.27590790227608,67.08945518765108,Medium,14,1
2024-01-19 05:24:00,Sheikh Zayed Rd,25.294551446035605,55.45966871495166,39.4971245507876,Low,5,4
2024-02-27 11:34:00,Emirates Rd,25.180220608357264,55.23085277764724,68.88850910770996,Medium,11,1
2024-02-28 08:03:00,Al Khail Rd,25.104533205264342,55.23778655891381,19.434125525958372,Low,8,2
2024-01-04 13:31:00,Emirates Rd,25.38950461083634,55.493745466530186,50.551731714542846,Low,13,3
2024-03-04 00:50:00,Sheikh Zayed Rd,25.17526791370733,55.402151669481,52.67589236322683,Medium,0,0
2024-02-19 11:58:00,Bur Dubai,25.302807886415764,55.45406616732868,69.49990239106857,Low,11,0
2024-01-12 11:10:00,Business Bay,25.311988960963614,55.29729881320546,60.339462790153036,Low,11,4
2024-02-26 15:14:00,Business Bay,25.283002225123845,55.40294512485618,38.9165541921557,Medium,15,0
2024-01-23 06:58:00,Sheikh Zayed Rd,25.193872218264094,55.378272548192584,45.225103112744776,Medium,6,1
2024-01-16 11:59:00,Al Khail Rd,25.18132887612922,55.380945036036884,62.98020014321111,High,11,1
2024-02-13 22:12:00,Business Bay,25.27930048481081,55.40475973786132,58.813989872031655,Medium,22,1
2024-01-13 13:27:00,Deira,25.359828690083507,55.37260775193873,51.313138355463806,Low,13,5
2024-01-27 00:39:00,Business Bay,25.384020118677018,55.3287187107908,52.78749315732031,Low,0,5
2024-02-07 12:50:00,Deira,25.131771741321128,55.28277680831417,70.44251995738934,High,12,2
2024-03-04 22:28:00,Sheikh Zayed Rd,25.146448583779318,55.43057439927396,52.23461140696178,Medium,22,0
2024-01-06 06:12:00,Sheikh Zayed Rd,25.383420877634922,55.267881729000955,58.6786313395639,Medium,6,5
2024-01-18 06:18:00,Business Bay,25.320960568500436,55.407706291846324,92.54904882120815,Low,6,3
2024-02-01 03:24:00,Emirates Rd,25.36489814744893,55.2699998467948,38.64476044674116,Medium,3,3
2024-03-09 15:28:00,Deira,25.160789790240603,55.38759905098634,32.22235902638012,Low,15,5
2024-02-29 22:12:00,Al Khail Rd,25.27627576133282,55.42412348013871,71.7538449719791,Medium,22,3
2024-01-19 09:57:00,Business Bay,25.310341878325243,55.265614166671966,49.82035408058845,High,9,4
2024-03-03 13:01:00,Al Khail Rd,25.304033565634093,55.21798299025839,55.226437083860695,High,13,6
2024-03-04 01:33:00,Business Bay,25.22244550726001,55.239292122898256,48.28265432803329,Medium,1,0
2024-01-31 16:37:00,Emirates Rd,25.104618467507393,55.38179909018131,56.10299788848731,Medium,16,2
2024-02-28 04:02:00,Emirates Rd,25.27487781704128,55.454833921867724,83.97807168144512,High,4,2
2024-03-01 10:20:00,Emirates Rd,25.175930461753882,55.21349904637063,72.0319268792718,Medium,10,4
2024-02-12 03:35:00,Bur Dubai,25.235076273842868,55.4202453777125,72.93335267830466,Low,3,0
2024-02-15 09:50:00,Emirates Rd,25.387274304525143,55.302395593785015,38.75659416311032,Medium,9,3
2024-01-11 21:43:00,Sheikh Zayed Rd,25.21971059529273,55.34355851097586,42.73269395170696,Low,21,3
2024-02-03 13:08:00,Sheikh Zayed Rd,25.35194048199933,55.47865786495367,17.413820107718593,Medium,13,5
2024-01-04 17:07:00,Bur Dubai,25.156562181724777,55.29959145142075,47.859287683758694,Medium,17,3
2024-02-18 08:07:00,Deira,25.30173814940751,55.33960108018185,74.35054779578488,Medium,8,6
2024-01-12 01:52:00,Al Khail Rd,25.39310208633168,55.204104724428205,67.75419773622556,Low,1,4
2024-01-22 23:01:00,Business Bay,25.130567930261883,55.22447961600145,56.67730105571814,Low,23,0
2024-03-09 19:17:00,Business Bay,25.10249598266816,55.27757747734044,59.665495744229204,Medium,19,5
2024-01-28 17:04:00,Bur Dubai,25.230074837789786,55.20835567224633,49.66671686136892,High,17,6
2024-02-22 12:45:00,Sheikh Zayed Rd,25.12778764491541,55.38941259781448,63.07138323602676,Medium,12,3
2024-03-05 02:39:00,Business Bay,25.324515304902867,55.32791950704049,71.48817419220921,Low,2,1
2024-02-02 00:17:00,Sheikh Zayed Rd,25.374364599154568,55.36444356081841,35.761698188842914,High,0,4
2024-02-16 01:59:00,Deira,25.230206291812628,55.252394155768904,64.49471531756022,High,1,4
2024-01-18 09:14:00,Al Khail Rd,25.177613492646632,55.288779608830986,73.98652306432001,Low,9,3
2024-01-26 22:34:00,Deira,25.230320995701984,55.39914734245582,53.773495665549454,Low,22,4
2024-02-12 18:06:00,Bur Dubai,25.317034345355,55.48959081708912,70.51050918180876,Medium,18,0
2024-01-11 15:37:00,Emirates Rd,25.102716248474113,55.215125032080664,102.2198166670883,High,15,3
2024-01-22 12:58:00,Emirates Rd,25.27683619684541,55.46711529625658,58.43485810519662,High,12,0
2024-01-24 15:59:00,Emirates Rd,25.283987505466214,55.373064360393364,65.89960575007986,High,15,2
2024-01-20 10:13:00,Deira,25.29130647406878,55.36917587002669,48.92914374507913,Medium,10,5
2024-02-13 14:38:00,Business Bay,25.172606623994263,55.35008356056233,62.718767439030756,Medium,14,1
2024-01-11 22:05:00,Al Khail Rd,25.314215817013437,55.22081822577126,66.90407437473456,Low,22,3
2024-02-05 13:44:00,Emirates Rd,25.127417445899535,55.22696305552085,62.92263510405207,Low,13,0
2024-02-01 02:23:00,Bur Dubai,25.15978110094004,55.38027360169772,44.70457020436715,Medium,2,3
2024-01-29 21:48:00,Bur Dubai,25.363241013996344,55.30228757143067,63.09542656988176,Medium,21,0
2024-01-28 09:12:00,Emirates Rd,25.32161694521797,55.475180419973306,81.93293908076456,Medium,9,6
2024-02-03 08:46:00,Emirates Rd,25.104123666203407,55.32197716120784,66.7295364677179,Medium,8,5
2024-01-21 03:39:00,Al Khail Rd,25.174512878110942,55.242984437610794,74.42980783607761,Low,3,6
2024-03-10 09:54:00,Emirates Rd,25.16432194489795,55.414415650050614,56.444820449810585,Medium,9,6
2024-02-09 05:18:00,Al Khail Rd,25.18124189841109,55.288006026432306,71.24850359135566,Low,5,4
2024-01-19 22:05:00,Bur Dubai,25.174267931083968,55.35764109220677,64.1890175732479,Medium,22,4
2024-02-13 07:29:00,Emirates Rd,25.118757888722854,55.409349835651554,45.73633905469152,Medium,7,1
2024-01-19 07:54:00,Deira,25.237682154979048,55.47007923336062,64.77781507198311,Medium,7,4
2024-02-14 10:09:00,Deira,25.31982004243585,55.437657358440504,45.12455004839534,High,10,2
2024-01-25 12:12:00,Bur Dubai,25.28201951741523,55.40290832036182,50.50679587672812,Low,12,3
2024-02-21 06:42:00,Al Khail Rd,25.301861500579424,55.403889954718544,62.83992460938561,Medium,6,2
2024-02-10 10:30:00,Deira,25.124344753560873,55.48377739320963,64.45866410070187,Low,10,5
2024-02-01 03:37:00,Al Khail Rd,25.385447213053034,55.28874722924896,42.161513023843064,Medium,3,3
2024-01-15 03:42:00,Deira,25.351547550152908,55.20033362825886,75.80978656774315,High,3,0
2024-02-27 20:00:00,Deira,25.3415270955487,55.281586367819465,68.5800941745071,Medium,20,1
2024-02-13 05:08:00,Al Khail Rd,25.34689514151253,55.26536741388802,49.429073465836744,High,5,1
2024-02-22 23:00:00,Business Bay,25.379813152439826,55.3985503755342,36.93622805326237,Low,23,3
2024-01-27 01:12:00,Deira,25.26327618983411,55.39011347992966,57.82643131377853,High,1,5
2024-01-04 14:50:00,Emirates Rd,25.16008460536029,55.37803841481142,53.3108442920826,Low,14,3
2024-03-03 15:00:00,Bur Dubai,25.285035082355762,55.20487303296284,61.69710685579534,High,15,6
2024-01-08 06:25:00,Business Bay,25.322864448100383,55.4186334163352,54.5532500826665,Low,6,0
2024-01-06 23:15:00,Al Khail Rd,25.321375218006207,55.29705912374565,29.88814708882485,Low,23,5
2024-03-02 00:27:00,Business Bay,25.256434707250065,55.39951679670199,54.17479592548263,Medium,0,5
2024-02-21 23:39:00,Sheikh Zayed Rd,25.120537615800075,55.366973528550645,55.415713333975305,High,23,2
2024-01-22 07:50:00,Sheikh Zayed Rd,25.21133388152904,55.30281927762837,69.50491537161088,Low,7,0
2024-03-01 18:32:00,Deira,25.376229982539005,55.24037288013123,49.527004880834255,Low,18,4
2024-01-29 22:07:00,Deira,25.275334672927226,55.228325669298144,85.1801201005885,High,22,0
2024-01-21 18:38:00,Emirates Rd,25.261499582976715,55.44945549993367,31.325391740223644,Low,18,6
2024-01-30 00:36:00,Bur Dubai,25.18065605431466,55.475519262624466,79.66751246703936,Low,0,1
2024-02-04 03:46:00,Business Bay,25.210534675974973,55.39493641402929,56.63521543682843,Medium,3,6
2024-02-09 06:10:00,Sheikh Zayed Rd,25.36860382674595,55.231030234458146,72.89377308515334,Low,6,4
2024-03-07 04:34:00,Deira,25.29993891425805,55.320608165066474,61.197022260881,High,4,3
2024-03-04 10:06:00,Bur Dubai,25.3362161080257,55.418681760031546,77.09333304038203,Medium,10,0
2024-01-17 02:38:00,Business Bay,25.236303626920296,55.43394626520302,54.18957053170783,Medium,2,2
2024-01-28 12:11:00,Deira,25.289074165836848,55.235465586687326,43.520693622332814,High,12,6
2024-02-27 02:28:00,Deira,25.174515082622964,55.200009215653616,81.30756430906595,Medium,2,1
2024-01-03 17:32:00,Sheikh Zayed Rd,25.311638249085046,55.413641113764186,58.29779031176788,Low,17,2
2024-02-28 18:17:00,Sheikh Zayed Rd,25.228280400111,55.306978852795865,63.32337710436316,Low,18,2
2024-03-06 03:35:00,Deira,25.232763654444422,55.27634439948548,78.52127871067192,Medium,3,2
2024-01-17 01:50:00,Al Khail Rd,25.294796697373066,55.20386924093686,44.52067136858348,Low,1,2
2024-02-14 02:10:00,Deira,25.380884186440678,55.36208982202845,68.93236346458886,High,2,2
2024-01-03 12:48:00,Bur Dubai,25.11920190398259,55.4553452206278,51.15157865305664,Medium,12,2
2024-02-03 20:56:00,Deira,25.3474229712041,55.487289493881775,58.01745966533442,Low,20,5
2024-03-06 15:30:00,Emirates Rd,25.187714933123658,55.36972348518399,61.084184480764335,Medium,15,2
2024-01-26 08:26:00,Emirates Rd,25.233175836351915,55.35433839832197,37.49667207829596,Medium,8,4
2024-02-18 17:28:00,Emirates Rd,25.106573998632506,55.22551691564677,48.317444357693475,High,17,6
2024-01-08 20:50:00,Al Khail Rd,25.190313823350294,55.36466184046278,80.26609338619708,High,20,0
2024-02-27 12:01:00,Al Khail Rd,25.25078937278904,55.31399372368962,73.29286782877193,Medium,12,1
2024-01-07 19:15:00,Deira,25.116852823204233,55.38214058426507,59.060406340091475,Medium,19,6
2024-01-18 18:31:00,Emirates Rd,25.24732871881495,55.316617904362964,63.64685187769339,Medium,18,3
2024-02-18 02:07:00,Al Khail Rd,25.37813318865753,55.27208973703511,55.58636241545314,Medium,2,6
2024-01-11 17:41:00,Sheikh Zayed Rd,25.131617965432344,55.228489582568514,80.34875078741973,Low,17,3
2024-01-07 11:09:00,Deira,25.32933221842265,55.29447553337667,56.994711333087544,Low,11,6
2024-01-27 16:33:00,Bur Dubai,25.2229013160128,55.22899345028633,63.47763138202272,Medium,16,5
2024-02-06 12:31:00,Business Bay,25.2965521143573,55.2530690852472,77.19045216213098,Low,12,1
2024-03-01 04:13:00,Deira,25.17807097939557,55.49620084757387,48.3394277273114,Low,4,4
2024-02-28 08:53:00,Business Bay,25.147847678762407,55.333231067071985,83.3818377674534,Medium,8,2
2024-01-24 06:30:00,Emirates Rd,25.148138784281368,55.359561529951506,37.04307885384935,Low,6,2
2024-01-10 04:22:00,Business Bay,25.121147583692945,55.46208555862116,84.44463196669199,Medium,4,2
2024-01-12 20:40:00,Emirates Rd,25.155694011470374,55.498670670147206,54.40986624072038,Medium,20,4
2024-03-09 05:38:00,Sheikh Zayed Rd,25.29926581549669,55.3748143348034,56.359518782620775,High,5,5
2024-01-02 10:27:00,Business Bay,25.36450718355305,55.443742146313255,31.649847432255857,Medium,10,1
2024-01-13 22:08:00,Deira,25.344237705677347,55.298082307301,53.17807923933461,Low,22,5
2024-02-18 07:09:00,Emirates Rd,25.305540292962345,55.29172318723419,44.402902034596735,Medium,7,6
2024-02-11 21:38:00,Deira,25.13312955902333,55.32081111629837,50.88530481939791,High,21,6
2024-01-13 03:48:00,Al Khail Rd,25.186756233888786,55.4017521788021,57.94033551316681,High,3,5
2024-01-10 11:57:00,Emirates Rd,25.192942062596742,55.40465750677653,74.36687421709358,Medium,11,2
2024-01-25 07:52:00,Business Bay,25.174987083919287,55.29457183039484,63.11405027100939,Low,7,3
2024-03-07 11:26:00,Emirates Rd,25.254501697912918,55.23996297724099,64.61514980101671,High,11,3
2024-02-13 15:38:00,Deira,25.2606661444639,55.389718876939654,43.56720916731656,Low,15,1
2024-01-30 10:53:00,Sheikh Zayed Rd,25.207065792551333,55.238497758656635,46.78868865595905,Medium,10,1
2024-03-01 15:07:00,Emirates Rd,25.20613674762093,55.3735477524688,86.98087527526968,Medium,15,4
2024-01-02 15:50:00,Business Bay,25.348566679371825,55.40802663841689,48.9719844785513,Low,15,1
2024-02-09 16:23:00,Al Khail Rd,25.336787854495906,55.41018344891834,84.84312378085943,Low,16,4
2024-02-25 06:07:00,Bur Dubai,25.192338749504223,55.42604163319788,56.354082016787004,Low,6,6
2024-01-24 04:56:00,Sheikh Zayed Rd,25.374136533161977,55.461857826469696,60.03431904215256,Medium,4,2
2024-02-05 12:54:00,Al Khail Rd,25.38584450510075,55.34998769758944,76.05547740344895,High,12,0
2024-02-23 13:50:00,Emirates Rd,25.198022762609014,55.41907475685887,79.07838632907985,Low,13,4
2024-02-01 23:07:00,Deira,25.206327484637917,55.385751820609755,58.33781159581369,High,23,3
2024-02-01 22:19:00,Deira,25.251690246026588,55.25599198193931,54.17635419717692,Low,22,3
2024-01-25 09:31:00,Business Bay,25.3823362437601,55.20770689346082,59.161193272166805,Medium,9,3
2024-02-20 19:24:00,Deira,25.362895829942694,55.285362415703084,65.06936292348178,Low,19,1
2024-03-02 02:25:00,Sheikh Zayed Rd,25.13077038877508,55.332910111901285,73.36955530304633,High,2,5
2024-03-06 17:51:00,Deira,25.217819222981426,55.385131783328596,60.06344788491227,Medium,17,2
2024-01-15 20:01:00,Business Bay,25.26601135692493,55.45498779915096,69.2832944703473,Medium,20,0
2024-02-13 09:45:00,Bur Dubai,25.25093974176546,55.25887371501185,84.57539598406412,High,9,1
2024-01-28 02:33:00,Emirates Rd,25.15815892038107,55.237664936969544,65.71964418397177,Medium,2,6
2024-01-09 06:11:00,Emirates Rd,25.357645031350444,55.4890439842423,64.67479284007167,High,6,1
2024-01-05 17:23:00,Deira,25.30308223489905,55.232413367812924,37.21633762364898,Medium,17,4
2024-01-29 22:42:00,Al Khail Rd,25.35137251245554,55.34354732103216,20.53904794756405,High,22,0
2024-02-27 15:16:00,Emirates Rd,25.35762928380484,55.375669118637994,65.82563593845252,Medium,15,1
2024-01-19 22:11:00,Bur Dubai,25.324506756099723,55.362412326272235,58.57763653078692,Low,22,4
2024-01-13 12:51:00,Deira,25.231763180374916,55.225809647109884,52.278259876278874,Medium,12,5
2024-01-15 22:29:00,Business Bay,25.283164026504625,55.217108074201086,63.65295306279517,Low,22,0
2024-02-19 18:59:00,Bur Dubai,25.148109621835925,55.23164502823831,59.093944062046376,Medium,18,0
2024-02-28 14:22:00,Deira,25.30209362524247,55.37567630516178,76.91670375950848,Medium,14,2
2024-02-07 10:09:00,Bur Dubai,25.153775976721786,55.3633034662903,61.29166302388467,Medium,10,2
2024-01-06 00:16:00,Emirates Rd,25.308184877153046,55.27012223761103,48.796150723947484,Low,0,5
2024-02-24 15:02:00,Business Bay,25.168879448226193,55.39133224255368,74.85249358438934,Low,15,5
2024-02-06 03:32:00,Deira,25.135265390045067,55.4460202506167,56.743033875806965,Medium,3,1
2024-02-03 09:09:00,Sheikh Zayed Rd,25.149585347042887,55.21247368795398,67.89805025508461,High,9,5
2024-02-06 07:36:00,Business Bay,25.100597640565724,55.34943898306442,52.83883940710799,Low,7,1
2024-01-16 20:42:00,Sheikh Zayed Rd,25.31562188535606,55.406793123630806,50.25259671753845,Medium,20,1
2024-01-12 00:47:00,Bur Dubai,25.319720314717514,55.27569357812091,61.262523452785445,Medium,0,4
2024-02-18 11:32:00,Al Khail Rd,25.254480004973978,55.29233127158795,60.19242965315528,Medium,11,6
2024-01-27 18:53:00,Business Bay,25.148408840316616,55.38409137089682,67.1974055305025,Low,18,5
2024-03-03 19:52:00,Bur Dubai,25.12506630125321,55.46938058803312,55.97031370035386,Medium,19,6
2024-02-14 20:19:00,Sheikh Zayed Rd,25.105738689931187,55.44297732609087,32.45460324344404,Low,20,2
2024-02-11 20:44:00,Emirates Rd,25.14972445308957,55.374939065729876,53.50839174617417,High,20,6
2024-02-28 18:52:00,Emirates Rd,25.36725666049494,55.419066515327174,71.90727700715723,Low,18,2
2024-02-19 09:46:00,Al Khail Rd,25.172461052510506,55.30944674106234,55.5393588113534,Low,9,0
2024-03-02 11:44:00,Business Bay,25.206281398165164,55.392289658429625,56.30424896228178,Low,11,5
2024-01-08 12:49:00,Business Bay,25.131603645344402,55.33985447733827,74.79564758858905,Low,12,0
2024-03-05 14:07:00,Business Bay,25.166708391424454,55.256980840937274,49.32040159111616,Medium,14,1
2024-03-07 21:36:00,Bur Dubai,25.25576737123406,55.410521482163176,36.857951726356504,Low,21,3
2024-01-13 11:02:00,Al Khail Rd,25.282325804928696,55.366939391204646,57.59053320711759,Low,11,5
2024-01-28 19:14:00,Business Bay,25.173605694249865,55.30758647458608,52.737390731268945,Medium,19,6
2024-01-08 14:36:00,Bur Dubai,25.117319647767538,55.47340175702359,45.50630520370119,Low,14,0
2024-03-03 03:10:00,Emirates Rd,25.21730986073822,55.206280235348025,57.36932316151964,Low,3,6
2024-02-25 00:49:00,Sheikh Zayed Rd,25.1702610112779,55.29473194537485,67.37258470870175,High,0,6
2024-01-13 00:05:00,Bur Dubai,25.16586617696894,55.2170644193333,59.860671576482765,Medium,0,5
2024-02-29 02:18:00,Emirates Rd,25.387958840814036,55.42995819486649,64.60471609029356,High,2,3
2024-01-19 20:34:00,Emirates Rd,25.284890145777716,55.410632236234136,87.20111547773135,High,20,4
2024-03-08 08:32:00,Sheikh Zayed Rd,25.267063532951628,55.299405665620895,54.85681707663654,Medium,8,4
2024-01-27 21:08:00,Emirates Rd,25.224732531056997,55.40269887066212,64.17522951967004,Low,21,5
2024-01-19 03:38:00,Al Khail Rd,25.228683300029044,55.31878116785879,52.36179956101298,Medium,3,4
2024-02-27 22:45:00,Sheikh Zayed Rd,25.262271501151425,55.42687613742673,47.304604201695405,High,22,1
2024-03-07 08:50:00,Emirates Rd,25.308928942110832,55.33625509882101,51.22638519873345,Medium,8,3
2024-02-03 03:28:00,Deira,25.31064382885455,55.3236839183495,52.81862142717467,Medium,3,5
2024-01-28 18:19:00,Bur Dubai,25.151508172311637,55.48041897464649,65.39213696320688,Low,18,6
2024-03-05 19:13:00,Emirates Rd,25.25003382562299,55.275263729967214,95.23613680051136,High,19,1
2024-02-18 05:44:00,Al Khail Rd,25.223587428510232,55.23613420199897,49.259348455862394,Medium,5,6
2024-01-12 21:19:00,Business Bay,25.361158089880814,55.37536293397784,53.75062041576806,High,21,4
2024-02-24 22:57:00,Emirates Rd,25.289425676365514,55.490796543685256,59.053154803331275,Low,22,5
2024-02-19 02:51:00,Business Bay,25.259751219924794,55.31335176411816,65.9369827306462,Low,2,0
2024-01-18 23:10:00,Deira,25.134618392653675,55.218611029088635,63.953262179321776,Low,23,3
2024-01-13 21:59:00,Emirates Rd,25.281691366797023,55.30179158019287,79.26143690922176,Medium,21,5
2024-02-06 06:30:00,Sheikh Zayed Rd,25.13516117170407,55.35177949629587,23.604118941971876,Low,6,1
2024-02-13 16:28:00,Business Bay,25.201161972669727,55.248576901989665,24.19605194706491,Low,16,1
2024-02-25 16:47:00,Deira,25.1428525894443,55.39743066541695,52.56182741984776,High,16,6
2024-02-08 00:52:00,Sheikh Zayed Rd,25.30762209410731,55.49932481670306,76.45950281315564,Low,0,3
2024-02-12 07:05:00,Sheikh Zayed Rd,25.161875634150846,55.335521842794435,36.51527952591606,High,7,0
2024-02-16 03:36:00,Sheikh Zayed Rd,25.217557811956407,55.306418567019065,14.885514904593641,Low,3,4
2024-03-03 01:50:00,Sheikh Zayed Rd,25.368702433285634,55.32021125005034,68.56769109328813,High,1,6
2024-02-02 12:28:00,Emirates Rd,25.161294915019692,55.23454385351856,63.65485835554072,Medium,12,4
2024-03-06 02:12:00,Bur Dubai,25.252341519187635,55.464982080427866,43.64687389800855,High,2,2
2024-02-25 12:30:00,Emirates Rd,25.225781498349807,55.32444769665641,45.21690598918605,High,12,6
2024-01-30 03:27:00,Emirates Rd,25.10543721231372,55.316182323427455,45.45384420547988,Low,3,1
2024-02-03 18:34:00,Deira,25.337827434071844,55.39790708187914,61.6580297621091,Low,18,5
2024-01-04 18:31:00,Deira,25.12071377189438,55.33261002627934,50.605270857254894,Low,18,3
2024-02-11 17:06:00,Bur Dubai,25.242276506293088,55.394470040642354,67.4109587846328,Medium,17,6
2024-01-11 02:24:00,Deira,25.268203488481685,55.21843388703924,17.180600056434137,High,2,3
2024-02-15 08:42:00,Al Khail Rd,25.288527936984377,55.444117003116666,47.14722202308301,Medium,8,3
2024-02-29 08:51:00,Bur Dubai,25.306589488792362,55.48215118586382,43.10919058633425,Medium,8,3
2024-02-09 21:39:00,Deira,25.175981715056814,55.39462961584782,56.15488982441262,Low,21,4
2024-01-28 17:38:00,Bur Dubai,25.102993632997535,55.48636977865765,51.92928362264792,High,17,6
2024-02-21 08:19:00,Emirates Rd,25.317033098706474,55.24542969431099,71.9676566984365,High,8,2
2024-03-08 08:20:00,Emirates Rd,25.260696979804273,55.34322485684411,32.109948425099134,Low,8,4
2024-01-09 21:08:00,Bur Dubai,25.350835310962175,55.38054202018363,60.68237214496128,Medium,21,1
2024-01-15 18:02:00,Al Khail Rd,25.346416508870206,55.37452099422636,68.37504634817559,Low,18,0
2024-02-28 01:53:00,Al Khail Rd,25.352997850336365,55.320438533726715,87.84971154842933,Medium,1,2
2024-03-04 00:31:00,Bur Dubai,25.245528397993862,55.301425322809884,52.77351043359787,Medium,0,0
2024-02-07 15:06:00,Deira,25.20008851875106,55.23804720676513,64.86687906528776,Low,15,2
2024-01-04 19:45:00,Business Bay,25.33746746077741,55.31752273516869,32.94205811156453,Medium,19,3
2024-02-23 10:24:00,Al Khail Rd,25.235388233908775,55.24879824453165,24.120656935304645,Low,10,4
2024-01-03 14:36:00,Sheikh Zayed Rd,25.15503265892103,55.42030970294767,72.6716156367255,Medium,14,2
2024-01-17 22:56:00,Emirates Rd,25.35649220586844,55.26264928064838,59.91659559527894,Medium,22,2
2024-01-09 12:46:00,Bur Dubai,25.364767963031703,55.21756959158536,77.67769034697633,Low,12,1
2024-02-13 01:56:00,Sheikh Zayed Rd,25.23989292684205,55.36570984134517,39.39895666545377,Medium,1,1
2024-01-31 23:59:00,Bur Dubai,25.12270991819294,55.37856891981582,67.79853209293128,Medium,23,2
2024-01-16 08:49:00,Emirates Rd,25.21634782697508,55.461573918384154,88.0322676081578,Low,8,1
2024-03-04 09:09:00,Emirates Rd,25.34106129783878,55.3730944837253,66.29558412535899,Low,9,0
2024-02-08 20:55:00,Al Khail Rd,25.37053220856387,55.30364425611704,64.14872258386573,Medium,20,3
2024-02-13 04:36:00,Al Khail Rd,25.16104182274928,55.4409035644579,60.12834121236525,High,4,1
2024-01-15 01:09:00,Sheikh Zayed Rd,25.12009208360758,55.36208366795623,36.43677814311132,Low,1,0
2024-03-02 20:15:00,Bur Dubai,25.36320513593985,55.22378408538936,80.33359403565522,Low,20,5
2024-01-07 14:05:00,Emirates Rd,25.216821481693664,55.369755168093974,50.83713540292401,Low,14,6
2024-01-25 14:53:00,Sheikh Zayed Rd,25.26252828928027,55.4724055636265,67.56724884574525,Medium,14,3
2024-02-26 01:21:00,Business Bay,25.390419743615226,55.318893787649465,36.554485401431194,Low,1,0
2024-02-15 20:44:00,Sheikh Zayed Rd,25.119969418374268,55.28889774056994,42.308105032383295,Low,20,3
2024-02-03 10:23:00,Deira,25.29449540223563,55.24304083710541,81.52631098833353,Medium,10,5
2024-02-28 16:28:00,Sheikh Zayed Rd,25.12223162677246,55.24543365658061,54.790465665632354,Medium,16,2
2024-02-02 17:44:00,Deira,25.21264067853995,55.329831445302545,81.79913214063816,Low,17,4
2024-03-09 03:12:00,Deira,25.341144363558033,55.37870394724846,58.82654011412223,Medium,3,5
2024-02-26 12:19:00,Deira,25.23004166982669,55.22418462155088,32.371533405632135,Medium,12,0
2024-02-22 07:10:00,Business Bay,25.399154706170883,55.48187057670755,73.3810139959758,Low,7,3
2024-02-14 04:16:00,Sheikh Zayed Rd,25.26771778548398,55.42654008523356,51.15161523366588,Low,4,2
2024-01-14 23:15:00,Sheikh Zayed Rd,25.196348645790785,55.3759871754851,70.48033220275565,High,23,6
2024-03-03 05:39:00,Business Bay,25.166033397771425,55.4485316012817,60.37816301310123,Low,5,6
2024-01-05 15:45:00,Emirates Rd,25.20515616028585,55.22405602704364,36.85322658085694,Medium,15,4
2024-01-31 12:42:00,Al Khail Rd,25.211759982127866,55.34305166331994,62.464421480558535,High,12,2
2024-02-26 21:59:00,Sheikh Zayed Rd,25.12061410331719,55.3890279380585,92.94334713229199,Low,21,0
2024-01-11 02:25:00,Al Khail Rd,25.210872259828033,55.44859587183549,67.39479687771689,Low,2,3
2024-01-12 06:21:00,Bur Dubai,25.239271555921768,55.43504086801478,59.13723370491805,Medium,6,4
2024-02-15 23:12:00,Bur Dubai,25.31682132567164,55.283120774914025,76.13015102935347,High,23,3
2024-01-20 23:39:00,Business Bay,25.29701884541648,55.48226405086776,63.16002697804666,High,23,5
2024-03-05 03:10:00,Bur Dubai,25.312629696568745,55.23730375242926,63.14301345394192,Medium,3,1
2024-02-28 15:46:00,Bur Dubai,25.102509104563058,55.46254008558635,43.62562241761346,Low,15,2
2024-01-25 04:41:00,Emirates Rd,25.16530021987416,55.49128207488138,63.50772038684398,Medium,4,3
2024-01-06 12:03:00,Emirates Rd,25.298505286519955,55.25314605696679,75.53165124625417,Medium,12,5
2024-03-06 00:58:00,Emirates Rd,25.245196810453923,55.416619819261136,47.45906771849963,Medium,0,2
2024-03-06 04:55:00,Bur Dubai,25.101594042700505,55.2120856556334,81.36743731870422,Low,4,2
2024-02-25 22:35:00,Business Bay,25.341348392729547,55.32162684754175,58.62440963782311,Low,22,6
2024-02-16 16:43:00,Deira,25.3318428719871,55.354884989759306,46.68345732692189,Medium,16,4
2024-02-25 09:13:00,Deira,25.26452574889807,55.37419356777289,74.96448115380366,Medium,9,6
2024-03-05 02:32:00,Al Khail Rd,25.119938997732884,55.480781174474565,55.69808646392596,Low,2,1
2024-02-02 18:50:00,Deira,25.329954514859775,55.40167520618826,71.39272331229162,Low,18,4
2024-02-20 23:37:00,Deira,25.275114076319408,55.344383385365774,55.623620516121946,High,23,1
2024-03-07 13:44:00,Emirates Rd,25.334587993147387,55.44290251087977,59.102607847051445,Medium,13,3
2024-02-23 12:14:00,Emirates Rd,25.325524097718752,55.48515984628632,67.40340306501437,Low,12,4
2024-02-06 05:48:00,Bur Dubai,25.340900621587352,55.20661984460469,64.36345586385009,Low,5,1
2024-02-01 19:40:00,Al Khail Rd,25.25540241992139,55.49475638167681,30.067023293223922,Low,19,3
2024-02-16 10:37:00,Sheikh Zayed Rd,25.142097355458056,55.225839641719105,43.181343898584124,High,10,4
2024-02-03 03:33:00,Al Khail Rd,25.301347242013907,55.44431603378063,73.94114977186223,Medium,3,5
2024-02-13 17:18:00,Al Khail Rd,25.28614213551559,55.28410042576542,58.01795116647679,Medium,17,1
2024-02-05 19:58:00,Business Bay,25.322675956159724,55.239653897326164,52.144030458428674,Medium,19,0
2024-02-06 06:31:00,Bur Dubai,25.150964301815222,55.33195669191415,39.621389771137885,Low,6,1
2024-01-12 17:18:00,Business Bay,25.15849255997009,55.39318697383428,43.803955180862275,High,17,4
2024-01-20 18:54:00,Al Khail Rd,25.367122855165796,55.31428555350704,29.67302040057079,Medium,18,5
2024-01-27 04:57:00,Al Khail Rd,25.32499333953562,55.21636962248481,58.480789219477,Low,4,5
2024-02-23 19:24:00,Al Khail Rd,25.372468546610097,55.37983834189762,51.0234362912843,Low,19,4
2024-01-23 01:03:00,Deira,25.327614596349175,55.4707209828332,45.50118163522027,Medium,1,1
2024-01-14 02:20:00,Business Bay,25.27914659179709,55.31496460978418,58.9781486224807,High,2,6
2024-03-05 04:27:00,Al Khail Rd,25.29623982110836,55.26489983328925,65.45955946279108,Low,4,1
2024-01-07 16:51:00,Emirates Rd,25.366738377182003,55.332773203779844,91.39796898314917,High,16,6
2024-01-30 12:18:00,Bur Dubai,25.27364202635358,55.21450881331464,37.321748706551794,Medium,12,1
2024-02-04 08:14:00,Bur Dubai,25.289717397298517,55.446146275344084,77.39071564950783,Low,8,6
2024-02-03 14:01:00,Emirates Rd,25.14694301480108,55.44790224328506,74.59652341522607,Low,14,5
2024-01-03 07:04:00,Bur Dubai,25.24217636603483,55.37640013902889,48.31360890934949,Low,7,2
2024-02-26 19:55:00,Deira,25.31491913358743,55.30593086668152,63.04853931879047,Medium,19,0
2024-02-01 14:08:00,Deira,25.18128280949491,55.43993500933374,53.13550125993577,Low,14,3
2024-02-10 06:21:00,Sheikh Zayed Rd,25.160676254157362,55.36640610743651,62.785328706281085,Low,6,5
2024-01-03 08:06:00,Sheikh Zayed Rd,25.194148042467326,55.44777969256501,82.63696520106825,Medium,8,2
2024-02-18 02:57:00,Sheikh Zayed Rd,25.17245018839785,55.389437637774904,69.0840934894697,Medium,2,6
2024-02-16 10:30:00,Bur Dubai,25.164473791110918,55.43532164196384,67.62912559850163,Low,10,4
2024-03-01 00:45:00,Deira,25.227455252860427,55.37956889796533,53.54536020068036,Medium,0,4
2024-02-23 03:00:00,Deira,25.37235155416506,55.3242423204647,37.73915002613497,Medium,3,4
2024-02-28 09:34:00,Deira,25.252117894021616,55.48738375797784,56.87297684189388,Medium,9,2
2024-02-19 08:50:00,Emirates Rd,25.156376114244598,55.362334147463656,78.09912232295872,High,8,0
2024-01-21 00:10:00,Deira,25.12309150081426,55.381526855562164,37.09248215115529,Low,0,6
2024-03-05 01:34:00,Emirates Rd,25.308846843541378,55.26614629182443,44.173659477349574,High,1,1
2024-01-06 17:30:00,Sheikh Zayed Rd,25.214839629330918,55.387695236828186,61.89401604351102,Medium,17,5
2024-02-05 11:37:00,Sheikh Zayed Rd,25.346549283975605,55.37148229484488,45.23017822729106,Medium,11,0
2024-01-30 07:52:00,Bur Dubai,25.29785323059223,55.25545151938411,48.112148293271815,Medium,7,1
2024-01-16 13:54:00,Sheikh Zayed Rd,25.33887243516241,55.21787612920595,53.64602127407734,Medium,13,1
2024-01-22 01:18:00,Bur Dubai,25.181583811825536,55.38130779591443,39.51573893714776,Low,1,0
2024-01-16 01:09:00,Al Khail Rd,25.307707676738318,55.429107680805096,45.38817230675448,Medium,1,1
2024-01-28 08:26:00,Al Khail Rd,25.179218595408116,55.3570204112766,70.55141875180963,Medium,8,6
2024-01-19 05:08:00,Business Bay,25.381720543835087,55.268031787595895,40.38945326653554,Medium,5,4
2024-02-16 05:00:00,Bur Dubai,25.290912284460013,55.399956593007914,36.03191798257744,Low,5,4
2024-02-21 20:39:00,Business Bay,25.197353540052603,55.22403171798288,50.54962530699159,High,20,2
2024-03-07 08:50:00,Business Bay,25.180853558687684,55.33255011144059,70.97933253764768,Medium,8,3
2024-02-01 00:23:00,Al Khail Rd,25.157277975521495,55.24901002751953,57.046172880046655,Low,0,3
2024-01-22 05:44:00,Bur Dubai,25.308392287668116,55.255337715317964,53.03128382826573,Medium,5,0
2024-02-15 09:17:00,Al Khail Rd,25.165614683899378,55.260688184747465,60.6653819627341,Medium,9,3
2024-02-03 20:37:00,Business Bay,25.278590979778247,55.316012117113196,33.81438850710522,Medium,20,5
2024-03-07 10:02:00,Bur Dubai,25.179390508077606,55.21534506168612,67.42058480662548,Medium,10,3
2024-02-22 08:47:00,Business Bay,25.29859068343816,55.31933803227873,65.75152547105466,High,8,3
2024-01-10 06:06:00,Deira,25.34448191856216,55.35351223413441,53.86037288856418,Low,6,2
2024-01-11 09:05:00,Bur Dubai,25.333407572943393,55.3449882854899,75.08886767694625,Medium,9,3
2024-01-18 11:30:00,Bur Dubai,25.328255399279232,55.31483523012091,43.087558515704416,High,11,3
2024-01-14 09:50:00,Business Bay,25.156316721707675,55.45174398242123,76.91863489880353,High,9,6
2024-01-23 12:00:00,Deira,25.126515484095357,55.243598007726156,62.31740498392877,Medium,12,1
2024-01-27 14:04:00,Emirates Rd,25.309684648546217,55.35170902313441,54.951711151827396,High,14,5
2024-01-19 02:52:00,Al Khail Rd,25.210504164138307,55.21861242508697,59.701895469475325,Low,2,4
2024-02-24 05:04:00,Business Bay,25.229703867921003,55.22134670366338,58.391028512835874,High,5,5
2024-01-04 18:56:00,Bur Dubai,25.109344727838018,55.37215975490313,78.30424344626576,Low,18,3
2024-02-15 07:22:00,Al Khail Rd,25.177872934782517,55.36980552746635,43.8498130879348,Low,7,3
2024-02-24 17:07:00,Al Khail Rd,25.11010292116234,55.46341005385334,48.56221141280103,Low,17,5
2024-01-26 03:45:00,Al Khail Rd,25.363755731780373,55.367362102698024,75.5445433810872,Medium,3,4
2024-01-23 11:23:00,Emirates Rd,25.17301900496556,55.48793730612145,51.06697597224211,Low,11,1
2024-02-13 20:40:00,Sheikh Zayed Rd,25.2672011508719,55.21460845451998,73.50799615997387,Low,20,1
2024-02-11 22:33:00,Business Bay,25.11169379619834,55.22940230543423,85.49153974513064,Low,22,6
2024-02-14 16:20:00,Sheikh Zayed Rd,25.300054217391697,55.21321975847112,53.973074595875495,Low,16,2
2024-03-09 17:49:00,Sheikh Zayed Rd,25.196908203726228,55.25558305510006,70.22043489862958,Medium,17,5
2024-02-05 21:29:00,Sheikh Zayed Rd,25.369375756087297,55.3623810332825,42.69461577990212,Medium,21,0
2024-01-07 13:40:00,Al Khail Rd,25.36643545668021,55.39367165442823,71.32099947101713,Low,13,6
2024-01-21 08:07:00,Deira,25.197587185508524,55.213675547384604,62.99135978980151,Medium,8,6
2024-01-19 11:00:00,Al Khail Rd,25.37028826870714,55.48379126695368,67.09557423240322,High,11,4
2024-01-04 18:20:00,Al Khail Rd,25.39884730204963,55.45264961299512,50.31641891946907,Medium,18,3
2024-02-14 09:26:00,Bur Dubai,25.347624699237183,55.28898374464713,35.08374876649241,Low,9,2
2024-02-22 10:29:00,Bur Dubai,25.353461404326566,55.22315625906794,67.54878097124256,Medium,10,3
2024-01-23 13:34:00,Sheikh Zayed Rd,25.17470262083273,55.25096612196572,29.048952712808184,Low,13,1
2024-02-20 10:03:00,Al Khail Rd,25.273010719657325,55.23808332412649,55.23974261636198,Low,10,1
2024-03-07 17:05:00,Sheikh Zayed Rd,25.120176774190213,55.23698513378969,74.11772799629955,Low,17,3
2024-02-22 21:17:00,Bur Dubai,25.128475381046503,55.355568506599724,62.87846603809554,High,21,3
2024-02-01 22:29:00,Deira,25.399667783609985,55.273754232748026,89.22513967184719,Low,22,3
2024-02-01 10:41:00,Business Bay,25.197991774827774,55.307441914958744,75.3766372887266,Low,10,3
2024-02-08 13:35:00,Sheikh Zayed Rd,25.324455173614652,55.4968516000153,50.191524175116356,Low,13,3
2024-01-25 19:35:00,Deira,25.341999515908043,55.4052942746776,60.409700697771584,High,19,3
2024-02-19 10:49:00,Business Bay,25.35740698130217,55.4846942001141,59.28943946183346,Medium,10,0
2024-02-16 15:26:00,Emirates Rd,25.399288489220645,55.24276696650994,36.26734854980809,Low,15,4
2024-02-07 02:09:00,Sheikh Zayed Rd,25.17244894557706,55.314641842449774,45.8940162527347,Medium,2,2
2024-03-03 02:21:00,Sheikh Zayed Rd,25.11210524805791,55.36641954098471,51.588586395302094,Medium,2,6
2024-01-22 09:18:00,Emirates Rd,25.223357455398375,55.22302741856662,29.45669245716095,Medium,9,0
2024-01-07 05:57:00,Emirates Rd,25.139024200948686,55.20125623308839,60.712402023774644,Low,5,6
2024-02-07 11:29:00,Sheikh Zayed Rd,25.10672776674862,55.40113030013907,56.26392233020439,High,11,2
2024-03-01 13:24:00,Emirates Rd,25.208128048142445,55.39254585504043,34.906591480326384,Low,13,4
2024-02-23 09:45:00,Al Khail Rd,25.33512147532257,55.32323664299989,66.06319297915998,Medium,9,4
2024-02-21 16:38:00,Business Bay,25.269854207367523,55.34689322280961,70.7380911703644,Low,16,2
2024-01-12 23:15:00,Business Bay,25.193833396763107,55.324632900177626,63.405517182973334,Low,23,4
2024-02-12 03:50:00,Business Bay,25.296302601647817,55.20720151345347,55.13897737186545,Low,3,0
2024-02-09 02:26:00,Al Khail Rd,25.169605454092643,55.30061148186524,68.87163227627782,Medium,2,4
2024-01-14 02:16:00,Emirates Rd,25.104314433821628,55.25312467661919,70.20330540715037,Low,2,6
2024-01-23 13:44:00,Deira,25.32930601593093,55.229527256730414,64.61105354579533,Medium,13,1
2024-01-27 20:41:00,Emirates Rd,25.2871229254592,55.48701613016681,47.630816243478584,Low,20,5
2024-01-25 14:04:00,Sheikh Zayed Rd,25.328690787350286,55.37980791751265,64.1490114826677,Medium,14,3
2024-02-15 17:22:00,Bur Dubai,25.1116814050063,55.41859688527098,77.93220976238219,High,17,3
2024-02-21 15:49:00,Business Bay,25.351135888349194,55.294609122979836,51.05056412082405,Medium,15,2
2024-01-14 09:18:00,Emirates Rd,25.28585786001089,55.317944138848205,91.46909008698647,Medium,9,6
2024-02-28 02:26:00,Deira,25.26901860521379,55.27107719816902,52.115535990219236,Medium,2,2
2024-01-06 10:42:00,Sheikh Zayed Rd,25.287384214434358,55.22908970128963,60.486105200102045,Low,10,5
2024-01-29 21:09:00,Al Khail Rd,25.359329974060508,55.25370949123248,49.91271605990496,High,21,0
2024-03-09 01:28:00,Al Khail Rd,25.27608095196767,55.439254213588946,63.34906253880391,Low,1,5
2024-01-21 23:10:00,Deira,25.274285113966453,55.403263741555136,33.866674610470874,Medium,23,6
2024-01-21 07:00:00,Sheikh Zayed Rd,25.39720374711973,55.36407866279564,51.80937301774918,Medium,7,6
2024-01-21 16:08:00,Business Bay,25.32701905012057,55.34252696186003,43.61818199477149,Low,16,6
2024-02-18 07:12:00,Emirates Rd,25.23268814163534,55.476730285096835,62.03007521838436,Low,7,6
2024-01-01 10:26:00,Sheikh Zayed Rd,25.312219100009877,55.221820484333605,74.91671063263361,Medium,10,0
2024-02-20 05:06:00,Al Khail Rd,25.216769141507537,55.28418024397138,69.69009280671827,High,5,1
2024-02-26 21:33:00,Deira,25.16866263874505,55.30498135607122,24.425109587116616,High,21,0
2024-03-03 05:33:00,Deira,25.27905556306633,55.434727743663835,90.6310447939182,Medium,5,6
2024-01-22 09:56:00,Emirates Rd,25.378454629434184,55.49775438604859,64.42919910931303,Medium,9,0
2024-01-10 15:13:00,Deira,25.378741856004638,55.27220115442715,48.35251289260499,High,15,2
2024-02-05 09:04:00,Deira,25.20257158343165,55.46229220024112,62.35691878486411,Low,9,0
2024-02-16 14:42:00,Sheikh Zayed Rd,25.258303239866507,55.44918682812954,62.64284733754039,Low,14,4
2024-02-21 19:20:00,Business Bay,25.16349076957096,55.26739721929253,49.99726924572654,Medium,19,2
2024-01-19 04:24:00,Emirates Rd,25.398689332849663,55.31979977405977,62.96875001013113,High,4,4
2024-02-29 22:17:00,Sheikh Zayed Rd,25.39433537236038,55.32290186078776,50.88791568569539,High,22,3
2024-03-09 06:50:00,Business Bay,25.294852678912235,55.49346620055797,53.934570109649655,Medium,6,5
2024-02-13 12:32:00,Sheikh Zayed Rd,25.341324217903242,55.254267570413674,49.705812963673736,Low,12,1
2024-02-15 09:16:00,Bur Dubai,25.31453004838511,55.43974739133144,38.50993065390521,Medium,9,3
2024-01-28 21:51:00,Sheikh Zayed Rd,25.27794746571184,55.300257814251935,62.18754705323076,Low,21,6
2024-01-19 00:38:00,Deira,25.11600439909667,55.41926110373285,68.77949154774507,Low,0,4
2024-03-01 19:40:00,Business Bay,25.2364293027658,55.3260033012887,67.72325394114559,Medium,19,4
2024-01-28 23:15:00,Emirates Rd,25.302435890650223,55.37350792893496,72.29887878952852,Low,23,6
2024-02-01 14:30:00,Emirates Rd,25.303259484165103,55.44978353199784,64.86510315022302,High,14,3
2024-03-06 09:32:00,Business Bay,25.211936785526717,55.441249669495164,52.00911752674645,Medium,9,2
2024-01-12 20:32:00,Deira,25.382507595997406,55.45992695506191,72.59495796646783,Medium,20,4
2024-01-10 00:56:00,Al Khail Rd,25.150207109671037,55.2178851976034,39.63723690237097,Low,0,2
2024-01-20 09:41:00,Sheikh Zayed Rd,25.250107833864668,55.40761516591193,46.4899292623128,Low,9,5
2024-03-07 16:44:00,Deira,25.307265192965247,55.241996213016535,45.53699892865133,Low,16,3
2024-01-10 23:33:00,Bur Dubai,25.309140741767543,55.324745570405526,76.20084088708965,High,23,2
2024-01-18 20:00:00,Business Bay,25.294591687030643,55.36457652451641,74.14182771210113,High,20,3
2024-03-04 16:39:00,Sheikh Zayed Rd,25.18258646403556,55.32082184542405,67.30957855567492,Medium,16,0
2024-03-04 03:34:00,Emirates Rd,25.146861970605986,55.3558835027409,76.07894797817696,Low,3,0
2024-01-01 15:46:00,Al Khail Rd,25.290782098048012,55.49895789263959,46.810758263820176,High,15,0
2024-03-02 18:37:00,Bur Dubai,25.27979063484183,55.240565194113856,65.22892679791471,Low,18,5
2024-02-02 18:01:00,Emirates Rd,25.153806803086773,55.40263681360093,58.12238357425254,Low,18,4
2024-02-12 04:56:00,Business Bay,25.311541743671167,55.318800289915686,72.70323155827371,Medium,4,0
2024-01-04 08:19:00,Sheikh Zayed Rd,25.236551597520098,55.2399029396722,58.271636511717034,High,8,3
2024-02-15 13:05:00,Business Bay,25.300328177480946,55.24762102901229,54.22585667384878,Low,13,3
2024-02-14 13:00:00,Sheikh Zayed Rd,25.351210123931043,55.484781931873684,68.11362777841485,Low,13,2
2024-01-09 07:23:00,Deira,25.15091852857308,55.46388044901353,73.1425375078685,High,7,1
2024-02-12 02:12:00,Al Khail Rd,25.10574346039905,55.47211258812451,49.97482207729797,Low,2,0
2024-02-27 19:47:00,Deira,25.333730775918735,55.49745983274821,59.08386492971436,Low,19,1
2024-02-22 22:43:00,Deira,25.282909227545783,55.26249461700256,44.123390495375205,Medium,22,3
2024-02-29 13:35:00,Business Bay,25.309891870886634,55.30663180120922,22.529084737605906,High,13,3
2024-02-15 04:53:00,Al Khail Rd,25.351446492496592,55.40076570897746,63.00689447120593,Medium,4,3
2024-01-04 13:33:00,Sheikh Zayed Rd,25.34084328044735,55.3451407619582,69.13358034381947,High,13,3
2024-03-07 22:04:00,Sheikh Zayed Rd,25.388276044078648,55.3255168600135,63.93100213630088,Medium,22,3
2024-01-22 16:19:00,Bur Dubai,25.260780523655637,55.30734337480068,30.756574233684493,Low,16,0
2024-02-16 11:31:00,Emirates Rd,25.246548689797972,55.37813418958304,54.73725854885288,High,11,4
2024-03-09 10:39:00,Bur Dubai,25.22056615996722,55.37267802859203,26.72478359923378,Medium,10,5
2024-02-22 09:14:00,Bur Dubai,25.146107312853264,55.24843735021928,80.54551661481277,Low,9,3
2024-03-09 20:38:00,Sheikh Zayed Rd,25.271782169864608,55.34152195125554,43.70918126822871,Medium,20,5
2024-02-01 23:40:00,Business Bay,25.183103757297793,55.36604153286296,78.83105414189845,Low,23,3
2024-03-01 07:07:00,Deira,25.37639225366389,55.37108608161942,74.18804465526219,Low,7,4
2024-03-09 14:52:00,Deira,25.27495724128313,55.26303215787371,46.49114471195907,Low,14,5
2024-02-27 05:58:00,Deira,25.277852054152433,55.42268141767568,43.008225730983824,Medium,5,1
2024-01-06 19:59:00,Al Khail Rd,25.206477398263104,55.20755972844633,65.25555324579507,High,19,5
2024-03-08 23:17:00,Sheikh Zayed Rd,25.115596805593313,55.30644955666295,47.33513944225393,Medium,23,4
2024-01-01 10:59:00,Business Bay,25.109523129611897,55.43406379456069,61.53726963237311,High,10,0
2024-02-19 05:21:00,Al Khail Rd,25.22700054324596,55.369167876316624,52.757586137896226,Low,5,0
2024-01-29 10:15:00,Emirates Rd,25.12536961342917,55.27834872975326,33.282623783015495,Low,10,0
2024-03-04 13:43:00,Business Bay,25.28205408666204,55.408485935802915,26.542979713133114,Low,13,0
2024-03-07 06:07:00,Bur Dubai,25.364291901691896,55.370217283246824,63.40026372741896,Low,6,3
2024-02-29 01:18:00,Business Bay,25.364874444955614,55.43887308283691,51.576633805040615,Low,1,3
2024-02-06 22:18:00,Business Bay,25.29771362303967,55.42050755585695,51.703652746288014,Medium,22,1
2024-02-22 02:34:00,Deira,25.16336954944188,55.38303237661087,70.43795758640678,High,2,3
2024-01-11 09:46:00,Business Bay,25.35889904940766,55.34645330259325,77.60163414948667,High,9,3
2024-02-24 11:52:00,Bur Dubai,25.36582803059396,55.23995463770026,55.91182917957286,Low,11,5
2024-01-31 19:30:00,Bur Dubai,25.158996075485888,55.27839990536562,54.89101939635208,High,19,2
2024-01-02 17:17:00,Sheikh Zayed Rd,25.321227825731203,55.32572984187513,67.50214549670825,Low,17,1
2024-03-05 18:18:00,Business Bay,25.18595586467814,55.37978978610192,39.64596645450637,Low,18,1
2024-01-08 06:27:00,Deira,25.34079209370588,55.35411235656459,63.347295821215454,High,6,0
2024-02-25 11:04:00,Business Bay,25.39917136997108,55.28645535778786,68.27828957733232,Medium,11,6
2024-01-21 13:38:00,Emirates Rd,25.109007801598818,55.201939307336914,70.20345312626444,Low,13,6
2024-03-04 13:37:00,Emirates Rd,25.369209759737277,55.34887176657025,30.948709462463025,Medium,13,0
2024-03-01 20:49:00,Deira,25.286789160079596,55.28568779656867,48.57967095286589,Low,20,4
2024-02-18 02:55:00,Sheikh Zayed Rd,25.392014785749446,55.420382490213164,46.826051207648,Medium,2,6
2024-01-29 04:37:00,Sheikh Zayed Rd,25.23950285525793,55.207183879581144,61.498304316138196,Medium,4,0
2024-02-20 03:39:00,Bur Dubai,25.35421637917141,55.37544834339174,67.21116869651976,High,3,1
2024-02-25 08:19:00,Bur Dubai,25.118718220579485,55.48244227125182,82.45065611168972,Low,8,6
2024-01-25 20:49:00,Al Khail Rd,25.200583715023487,55.252322780133454,52.575517794478905,Low,20,3
2024-01-13 11:37:00,Deira,25.120104961325364,55.34149484722518,52.53641252536179,Medium,11,5
2024-01-09 00:28:00,Business Bay,25.39260294004372,55.22742659754515,77.24508028318121,Medium,0,1
2024-01-15 11:51:00,Deira,25.345092172181552,55.387704573678405,64.44865407795457,Low,11,0
2024-01-02 15:37:00,Al Khail Rd,25.35576422637379,55.36515950417887,79.01477266781961,Medium,15,1
2024-01-19 14:59:00,Bur Dubai,25.381389569430166,55.322209657263855,64.33092004514755,High,14,4
2024-01-30 09:03:00,Deira,25.125531045835938,55.356413106442126,42.64325071930094,High,9,1
2024-01-01 23:55:00,Deira,25.215679277754,55.4689723975407,40.0030746783329,High,23,0
2024-01-23 08:48:00,Bur Dubai,25.1213104667132,55.25888829069332,36.72731626411607,High,8,1
2024-01-08 23:23:00,Al Khail Rd,25.16323793046501,55.2067693535116,69.9307775213771,Medium,23,0
2024-01-20 09:11:00,Bur Dubai,25.168809733111303,55.45849946540973,77.82895234630513,High,9,5
2024-01-07 13:44:00,Sheikh Zayed Rd,25.240732163314274,55.37313512471637,87.74043212079572,Low,13,6
2024-02-02 09:19:00,Business Bay,25.180568650236093,55.46719753663855,72.6465799848486,Low,9,4
2024-01-14 20:13:00,Bur Dubai,25.13029343204533,55.379083567023955,77.44257866302479,Low,20,6
2024-01-08 04:22:00,Al Khail Rd,25.150247326728234,55.44304832698791,51.29975501019473,Medium,4,0
2024-01-03 03:10:00,Emirates Rd,25.14418266906563,55.32890200900655,42.65376274884215,Low,3,2
2024-01-11 11:12:00,Sheikh Zayed Rd,25.391923039373687,55.424957979386484,72.7511899862633,High,11,3
2024-02-23 02:12:00,Emirates Rd,25.32778775207554,55.473912440066954,66.26521128359101,Low,2,4
2024-01-14 15:09:00,Bur Dubai,25.390328439580866,55.371636889116665,61.61166561511339,Low,15,6
2024-01-14 00:21:00,Sheikh Zayed Rd,25.23192214595237,55.25423554516872,65.81057220949485,Medium,0,6
2024-01-30 15:02:00,Business Bay,25.183510544498798,55.280639284509064,64.84778223687309,Low,15,1
2024-02-25 03:26:00,Bur Dubai,25.339487959162756,55.25959337306922,79.25725289780343,Low,3,6
2024-01-02 16:17:00,Business Bay,25.197876175412343,55.274057108278726,79.42478377225433,Low,16,1
2024-03-07 06:33:00,Deira,25.189815012111605,55.29192463480531,68.16330528510521,Medium,6,3
2024-03-08 03:33:00,Emirates Rd,25.16975179766235,55.36654013602596,72.68704308844393,Medium,3,4
2024-01-13 19:34:00,Sheikh Zayed Rd,25.13890369346727,55.37639748883915,67.71093828637164,Medium,19,5
2024-01-28 21:41:00,Business Bay,25.17693891830503,55.32794992417256,53.082454019480714,Medium,21,6
2024-02-19 04:58:00,Al Khail Rd,25.206595924542167,55.38462623394625,71.3484701236971,Medium,4,0
2024-01-26 19:11:00,Business Bay,25.302198262443717,55.22447247768341,39.082573967111074,Low,19,4
2024-01-18 16:32:00,Al Khail Rd,25.118769452665838,55.22633647111745,75.80837328443825,Low,16,3
2024-01-05 10:13:00,Bur Dubai,25.163152081899604,55.2515488381073,42.082155903509474,Medium,10,4
2024-02-28 15:14:00,Sheikh Zayed Rd,25.3427070920875,55.355423249412105,64.28704930192099,Low,15,2
2024-02-02 21:28:00,Business Bay,25.144076577075133,55.2641984036095,47.32269062360761,Low,21,4
2024-01-17 17:30:00,Business Bay,25.20279354395676,55.28498532104778,68.30083474611641,Medium,17,2
2024-01-18 19:19:00,Sheikh Zayed Rd,25.359397676557442,55.3200938508519,59.49112161108137,Medium,19,3
2024-03-08 23:46:00,Business Bay,25.146477593343032,55.44355983720312,36.078660627550015,Low,23,4
2024-01-30 11:50:00,Al Khail Rd,25.12482105068546,55.20415864077386,66.31049446527719,Low,11,1
2024-01-16 02:57:00,Business Bay,25.245361398524004,55.394813646070986,51.33118834750934,High,2,1
2024-01-18 03:23:00,Emirates Rd,25.19072585338356,55.40066295931221,73.21720081220053,High,3,3
2024-01-01 12:35:00,Bur Dubai,25.269022509345156,55.43959673410699,60.019885331016106,Medium,12,0
2024-02-11 03:18:00,Deira,25.341141467145043,55.47982588171809,65.93131478082057,Medium,3,6
2024-02-09 07:33:00,Al Khail Rd,25.141144546445823,55.20604135468479,45.63646567477182,Medium,7,4
2024-02-24 03:21:00,Emirates Rd,25.274209725366287,55.24613511165397,51.16001652858957,High,3,5
2024-01-02 03:30:00,Bur Dubai,25.251652628116958,55.4658513882168,53.120420458483736,High,3,1
2024-01-18 06:09:00,Sheikh Zayed Rd,25.14322363580396,55.33755556865611,72.85053720363834,Low,6,3
2024-02-01 12:06:00,Al Khail Rd,25.287199545658694,55.36937719168004,85.16065631708234,High,12,3
2024-02-08 22:55:00,Deira,25.18209212535823,55.39890816111694,47.92242372385685,Low,22,3
2024-01-20 10:36:00,Bur Dubai,25.246350295563204,55.403719981348694,76.1527221698652,Low,10,5
2024-02-03 19:32:00,Deira,25.12468169728312,55.47952212099495,27.454838734114468,Medium,19,5
2024-03-08 00:39:00,Sheikh Zayed Rd,25.23787521716409,55.4990848252235,42.08715898361566,Medium,0,4
2024-03-02 09:39:00,Sheikh Zayed Rd,25.191939040412848,55.41604723827928,45.618323157198375,High,9,5
2024-02-11 13:30:00,Al Khail Rd,25.346714363355606,55.28616636276155,39.712369658389164,Low,13,6
2024-03-07 18:44:00,Business Bay,25.11709361809921,55.4639257206883,36.2461741531863,Medium,18,3
2024-01-03 13:55:00,Sheikh Zayed Rd,25.2255821824755,55.21476627436223,66.19498368206696,High,13,2
2024-02-19 09:31:00,Bur Dubai,25.23752942723943,55.26932425586235,56.788984534082076,High,9,0
2024-03-05 07:31:00,Business Bay,25.317501822889735,55.469215715239116,65.69108096407665,Low,7,1
2024-01-09 19:44:00,Emirates Rd,25.27228627252706,55.27685745433181,70.3570902918227,Low,19,1
2024-03-03 13:35:00,Deira,25.300163701158255,55.26619531788653,63.984254897588,Medium,13,6
2024-01-01 03:11:00,Business Bay,25.333114785695525,55.24143758794207,69.86644764225561,Low,3,0
2024-03-01 17:49:00,Deira,25.358660892097454,55.457733527294074,58.95701570636596,High,17,4
2024-01-09 20:56:00,Business Bay,25.194162649016743,55.350017477757326,42.19509917541383,High,20,1
2024-01-02 07:33:00,Emirates Rd,25.26140681160917,55.40246796091625,75.86721271231194,Low,7,1
2024-02-08 10:43:00,Sheikh Zayed Rd,25.35203242353176,55.27171991522251,51.1633180082831,Low,10,3
2024-02-24 12:26:00,Emirates Rd,25.396835339289517,55.427412126303366,45.966055518563614,Low,12,5
2024-03-02 04:57:00,Sheikh Zayed Rd,25.36685579331313,55.42800166348863,57.331231862934025,High,4,5
2024-01-15 06:00:00,Sheikh Zayed Rd,25.211440178787313,55.29377940747249,46.3078362105523,Low,6,0
2024-03-01 10:07:00,Deira,25.158549955165597,55.32320478990309,53.73854427015851,Medium,10,4
2024-01-02 06:09:00,Bur Dubai,25.246817761221976,55.26290708322906,65.160808823452,Medium,6,1
2024-01-17 23:04:00,Emirates Rd,25.322492435550814,55.49296830699687,65.22512608869191,Medium,23,2
2024-01-30 22:33:00,Business Bay,25.24777072122599,55.393680773117524,46.53254900361556,Low,22,1
2024-01-01 02:22:00,Emirates Rd,25.2449542589941,55.48036316421465,52.68441940576883,Low,2,0
2024-01-24 06:54:00,Deira,25.351469126324538,55.29101566308874,76.11499507155366,High,6,2
2024-02-19 18:57:00,Sheikh Zayed Rd,25.208421133720158,55.43456727389907,67.44600176600912,High,18,0
2024-01-09 05:25:00,Deira,25.357938402443494,55.42975759316543,91.12597559022812,Medium,5,1
2024-02-15 10:10:00,Al Khail Rd,25.22204144028552,55.40749669555996,77.7019226061229,Low,10,3
2024-02-03 14:59:00,Al Khail Rd,25.198469931703503,55.48969169258004,77.16439602839908,Low,14,5
2024-03-01 09:42:00,Business Bay,25.23619697335991,55.3180666008319,39.181971743162975,Medium,9,4
2024-02-14 12:28:00,Deira,25.32873408760246,55.23921519707693,71.45790527450134,Low,12,2
2024-02-12 14:09:00,Business Bay,25.1378006083592,55.40151265777322,59.20339797454634,High,14,0
2024-02-01 22:36:00,Business Bay,25.158925764761605,55.41879294014316,51.73527294692626,Medium,22,3
2024-01-17 18:55:00,Al Khail Rd,25.385433447698926,55.372518172037644,62.52023010798793,Low,18,2
2024-02-24 04:13:00,Business Bay,25.15264748821441,55.26204536794002,74.17817301917225,High,4,5
2024-01-02 11:55:00,Al Khail Rd,25.270318195379318,55.35133678250081,67.51247386506317,High,11,1
2024-02-12 20:29:00,Sheikh Zayed Rd,25.27379433999858,55.29365692097074,46.8228929798691,Low,20,0
2024-01-23 23:49:00,Deira,25.246887338615075,55.328239958450006,71.13688370388931,Medium,23,1
2024-01-21 13:21:00,Business Bay,25.293423574573044,55.3935655727534,50.436186868860545,Low,13,6
2024-01-13 02:47:00,Al Khail Rd,25.168948017739286,55.42356442280725,63.250246784464295,Low,2,5
2024-02-09 09:43:00,Emirates Rd,25.265798680333024,55.269667407270404,55.44974898784299,Low,9,4
2024-03-03 15:51:00,Business Bay,25.21165197657407,55.32159760819409,56.71700622396561,Medium,15,6
2024-02-02 05:43:00,Bur Dubai,25.298500177888755,55.28074847129749,71.49364462560764,High,5,4
2024-01-12 11:10:00,Sheikh Zayed Rd,25.142367063011946,55.25958948415856,44.39709420276153,Medium,11,4
2024-02-17 20:14:00,Sheikh Zayed Rd,25.271263225051843,55.43501616599875,89.17792611415399,Low,20,5
2024-03-09 03:20:00,Emirates Rd,25.155581106615,55.4727758083311,32.68370896058255,Medium,3,5
2024-02-24 06:07:00,Al Khail Rd,25.18359291893451,55.311069655705374,51.03498475117714,Low,6,5
2024-03-03 21:10:00,Business Bay,25.165612940097077,55.425383677312134,65.55317834912611,High,21,6
2024-03-08 11:06:00,Al Khail Rd,25.154851333960647,55.469098586809324,68.76471249652965,Medium,11,4
2024-03-03 02:17:00,Sheikh Zayed Rd,25.3477132854682,55.45383726315907,58.492864191424424,Low,2,6
2024-03-03 06:59:00,Al Khail Rd,25.185712270298268,55.25484401656177,59.13913945497686,Low,6,6
2024-02-26 01:49:00,Sheikh Zayed Rd,25.378137134559335,55.48688756445401,66.15825127991425,Medium,1,0
2024-01-12 23:29:00,Al Khail Rd,25.390977957603557,55.31300293212884,56.533957838134796,Low,23,4
2024-03-06 13:36:00,Emirates Rd,25.271378140981128,55.301772198352154,80.89771886902359,Medium,13,2
2024-02-25 05:50:00,Deira,25.14290033679972,55.218729398183335,72.59023671347403,Low,5,6
2024-02-23 02:34:00,Emirates Rd,25.212364473013874,55.34585209623147,73.09236526508452,Low,2,4
2024-02-11 18:13:00,Emirates Rd,25.339319679004465,55.23270408469228,45.50764914944374,Medium,18,6
2024-02-08 19:02:00,Deira,25.21021721860912,55.27456194627823,58.809173633914455,High,19,3
2024-02-06 05:03:00,Deira,25.126105165490838,55.29508278653019,55.493010769189446,High,5,1
2024-02-14 03:32:00,Business Bay,25.267035473278455,55.44264789704751,44.915979364658014,Low,3,2
2024-02-09 17:17:00,Business Bay,25.35353625544881,55.46264659511877,65.4024627591865,Low,17,4
2024-01-15 00:41:00,Emirates Rd,25.33877791614305,55.290739895238445,51.935313633302755,Low,0,0
2024-02-29 08:59:00,Emirates Rd,25.152536942039106,55.457609436373374,69.83105744775355,Medium,8,3
2024-03-05 16:20:00,Sheikh Zayed Rd,25.30182938432374,55.45716928121094,43.947126556585026,Medium,16,1
2024-03-01 20:56:00,Sheikh Zayed Rd,25.166151279030696,55.42939528511546,85.78560919262732,High,20,4
2024-01-24 15:42:00,Business Bay,25.165462260365654,55.24400853420455,46.555010121119075,High,15,2
2024-02-12 19:48:00,Bur Dubai,25.362221531991555,55.40709685407022,63.28953505800654,Low,19,0
2024-02-07 06:32:00,Bur Dubai,25.17490068582207,55.48350721937417,71.87788965582101,Medium,6,2
2024-01-02 08:39:00,Business Bay,25.178974203955406,55.40476214363015,51.44039354699831,High,8,1
2024-03-07 07:32:00,Sheikh Zayed Rd,25.10019601722839,55.29948505473235,72.78702965149427,High,7,3
2024-01-22 12:04:00,Sheikh Zayed Rd,25.361200710237654,55.35017379522925,41.562246032993755,Low,12,0
2024-01-27 10:38:00,Bur Dubai,25.33777844396274,55.39371751300532,81.7817654877384,Low,10,5
2024-02-11 05:05:00,Al Khail Rd,25.288198680527202,55.353171122618555,60.212238974486375,Medium,5,6
2024-02-14 12:03:00,Al Khail Rd,25.325079729181653,55.235985882519294,51.05382888046681,Low,12,2
2024-03-05 12:30:00,Sheikh Zayed Rd,25.145614570227348,55.29361921339561,55.51227341358848,Low,12,1
2024-01-25 16:10:00,Al Khail Rd,25.237497078376272,55.44071880916609,72.13378904089079,Low,16,3
2024-02-08 18:11:00,Deira,25.205365816204633,55.45842541382866,51.23317062224343,Medium,18,3
2024-03-03 14:00:00,Business Bay,25.128132957877106,55.24119000981467,48.759634658658335,Low,14,6
2024-02-17 20:41:00,Business Bay,25.245839145564478,55.48571602571962,56.67695103624393,Low,20,5
2024-01-18 22:01:00,Sheikh Zayed Rd,25.37622189510279,55.298646785354585,42.34556830845048,Low,22,3
2024-02-14 17:39:00,Emirates Rd,25.11201773571521,55.398694121619215,87.30815861912723,High,17,2
2024-02-07 17:05:00,Bur Dubai,25.187438274048137,55.425547543787005,51.50408113177915,High,17,2
2024-01-18 18:14:00,Sheikh Zayed Rd,25.16226228086171,55.443583870391365,72.47425179270606,Medium,18,3
2024-01-03 00:51:00,Al Khail Rd,25.17144399609971,55.48372491066778,63.14205125471659,Medium,0,2
2024-02-26 18:53:00,Bur Dubai,25.37253036556381,55.29387586440865,45.23198924277048,High,18,0
2024-02-06 03:19:00,Emirates Rd,25.240420716270286,55.45755193636547,59.91067936180906,Low,3,1
2024-01-20 22:46:00,Al Khail Rd,25.239889823881946,55.23950607103087,71.76004168966122,Low,22,5
2024-01-25 20:47:00,Deira,25.328172692736583,55.411512271906076,57.1760799737054,Low,20,3
2024-02-10 13:16:00,Al Khail Rd,25.146347661201478,55.4225933188542,77.89669418776542,Low,13,5
2024-02-26 14:17:00,Deira,25.246179606230015,55.4033169723604,75.32273089172796,Low,14,0
2024-02-04 03:29:00,Bur Dubai,25.228995564236318,55.27569442084055,73.78372281987494,High,3,6
2024-03-01 08:01:00,Deira,25.279073207163997,55.46191294410456,53.10514841590505,Medium,8,4
2024-02-20 09:02:00,Bur Dubai,25.39986731097513,55.25065753901112,43.8023632832777,Medium,9,1
2024-02-02 07:53:00,Bur Dubai,25.330834668224615,55.21609043745625,50.796185919558084,High,7,4
2024-02-02 07:31:00,Bur Dubai,25.219359710905227,55.41523949718358,62.94361411000081,Low,7,4
2024-01-22 06:21:00,Bur Dubai,25.348265915682212,55.34264271456982,68.18680070298534,Low,6,0
2024-02-08 16:06:00,Bur Dubai,25.151212508993744,55.45472940598761,27.42642892859329,Medium,16,3
2024-02-01 03:51:00,Al Khail Rd,25.10913910589269,55.31501914231748,59.878301975823746,Medium,3,3
2024-01-11 20:40:00,Bur Dubai,25.161334511739284,55.25048357655232,62.371338379847764,Low,20,3
2024-01-30 17:00:00,Al Khail Rd,25.20212346683428,55.450932657740964,55.836836155266724,Medium,17,1
2024-01-13 02:09:00,Bur Dubai,25.253174227237867,55.36467288949202,79.36910758523818,Medium,2,5
2024-01-17 21:11:00,Deira,25.28453874216236,55.25675873771711,66.32670111376306,Medium,21,2
2024-03-02 19:06:00,Bur Dubai,25.373181715164325,55.416115199575934,79.65287862121346,Medium,19,5
2024-02-04 10:40:00,Emirates Rd,25.252956202865136,55.35333409154685,56.760592194746515,Low,10,6
2024-02-27 04:40:00,Bur Dubai,25.250382693387717,55.3812938946721,74.06216238760388,Low,4,1
2024-02-18 00:58:00,Bur Dubai,25.115072902946896,55.33826950146197,84.5259959179128,Medium,0,6
2024-01-27 09:21:00,Deira,25.11047346579687,55.4486126951454,79.67540173908992,Low,9,5
2024-02-15 07:56:00,Business Bay,25.265347988574913,55.448868814704916,43.617876098569,High,7,3
2024-02-21 22:46:00,Deira,25.231453583974503,55.41281664654732,56.194858836864285,Medium,22,2
2024-02-03 01:19:00,Emirates Rd,25.35175411849409,55.23162041321894,54.822529418253055,Low,1,5
2024-01-14 06:48:00,Business Bay,25.148203875413554,55.45165615857122,67.3388180261449,Medium,6,6
2024-03-08 20:25:00,Sheikh Zayed Rd,25.107491498635117,55.401303894159874,70.295303325218,Medium,20,4
2024-02-26 10:21:00,Sheikh Zayed Rd,25.23471163037904,55.40910724980129,47.41660988961395,Low,10,0
2024-03-03 20:26:00,Emirates Rd,25.171243567025677,55.30889485212116,61.01757770875407,High,20,6
2024-01-27 20:42:00,Deira,25.114884312001653,55.4637838668471,29.701090017657954,High,20,5
2024-02-29 12:27:00,Al Khail Rd,25.31737948605429,55.417611480070455,81.62917508702834,Medium,12,3
2024-01-13 03:55:00,Emirates Rd,25.133477899987174,55.23377713995876,52.314386389849595,Low,3,5
2024-02-09 04:45:00,Business Bay,25.28249585000233,55.32233341032185,60.83795909766746,Medium,4,4
2024-01-17 14:34:00,Business Bay,25.184314925050067,55.465914108588045,55.35525429017908,Medium,14,2
2024-02-20 13:48:00,Bur Dubai,25.152048815106507,55.21415901050921,77.19041362520122,Low,13,1
2024-02-14 16:48:00,Sheikh Zayed Rd,25.213925456875796,55.488424985892614,17.437403379039317,Low,16,2
2024-01-04 15:10:00,Business Bay,25.340433732866884,55.403748770495866,59.75084486511137,High,15,3
2024-02-01 12:27:00,Emirates Rd,25.21762807307137,55.38941279329301,58.41271863753453,Low,12,3
2024-03-05 00:01:00,Business Bay,25.325230894763315,55.2811677769464,53.195454186124756,Medium,0,1
2024-02-09 04:39:00,Emirates Rd,25.137645889039746,55.27463753662175,85.89339818453449,Medium,4,4
2024-01-11 11:47:00,Al Khail Rd,25.331831425899523,55.48261746584658,46.69005811716343,Medium,11,3
2024-02-18 12:46:00,Bur Dubai,25.171079997471995,55.28948173627024,71.57694265853492,Low,12,6
2024-01-25 14:55:00,Sheikh Zayed Rd,25.30321793896666,55.4326515890157,65.34379183059126,High,14,3
2024-01-20 21:35:00,Business Bay,25.2697344664523,55.317936539462124,78.92278878803273,Low,21,5
2024-03-02 07:29:00,Emirates Rd,25.378743415163505,55.24177622123541,49.99216372833742,Medium,7,5
2024-02-06 01:57:00,Deira,25.216196755392595,55.20321458930861,49.00546651314362,Medium,1,1
2024-02-08 21:33:00,Sheikh Zayed Rd,25.119849556650333,55.36327720110457,76.44104861216098,Medium,21,3
2024-01-16 12:17:00,Al Khail Rd,25.105746645665377,55.49273364556468,66.37981962495165,High,12,1
2024-02-26 01:26:00,Emirates Rd,25.348057568291825,55.310740858142765,36.82593979984862,Medium,1,0
2024-02-06 23:36:00,Bur Dubai,25.257420691298428,55.30715770019791,51.91042478305094,Low,23,1
2024-01-08 12:56:00,Bur Dubai,25.332573215550482,55.30322748535483,65.79573980772092,High,12,0
2024-01-28 22:48:00,Al Khail Rd,25.170327680003457,55.35616315119146,72.56646332319883,Medium,22,6
2024-02-09 04:12:00,Al Khail Rd,25.20352512365397,55.33219946502729,49.811540202105675,Low,4,4
2024-03-05 21:02:00,Bur Dubai,25.109031161663395,55.4639743880181,16.286160152745886,Low,21,1
2024-01-21 15:37:00,Business Bay,25.388447697372232,55.35165623751705,67.8483477860555,High,15,6
2024-02-22 23:02:00,Business Bay,25.300360372010243,55.35232735145657,41.69518965084036,Low,23,3
2024-01-28 06:31:00,Emirates Rd,25.37996152632779,55.24151147841617,29.739918028163828,Medium,6,6
2024-01-13 06:33:00,Deira,25.179648922228722,55.49482186227311,17.515111125237887,Medium,6,5
2024-01-12 12:28:00,Emirates Rd,25.283439083367696,55.27499186726065,72.20971290296612,Low,12,4
2024-01-18 17:12:00,Deira,25.30354999048779,55.22200922023789,61.929261756074496,Medium,17,3
2024-01-03 00:45:00,Al Khail Rd,25.195264910077277,55.39894387469256,56.61515428931622,Low,0,2
2024-01-01 18:34:00,Sheikh Zayed Rd,25.354432770504687,55.378609911047064,80.83536544444142,Medium,18,0
2024-02-01 09:08:00,Emirates Rd,25.384148438870074,55.32454369619783,69.55987024534609,Medium,9,3
2024-02-29 22:18:00,Emirates Rd,25.3654565353088,55.3266576701642,84.24450064082875,Medium,22,3
2024-02-19 11:44:00,Deira,25.32172009278181,55.43551917631393,39.10896791749505,Medium,11,0
2024-01-29 13:29:00,Al Khail Rd,25.183239403917486,55.258713792029894,59.481740640690546,High,13,0
2024-01-31 20:01:00,Al Khail Rd,25.18448481263169,55.446075995683465,35.749299375779785,Medium,20,2
2024-01-26 07:18:00,Deira,25.38900809613381,55.39462413416851,56.55926502216799,Low,7,4
2024-01-08 07:00:00,Al Khail Rd,25.10308534878071,55.32569093213386,56.27076219349984,Low,7,0
2024-02-21 07:36:00,Bur Dubai,25.314814991972643,55.337408584975165,69.39920455894607,Medium,7,2
2024-02-12 04:16:00,Business Bay,25.311873848766577,55.27699416215583,60.683458217128475,High,4,0
2024-02-28 20:36:00,Bur Dubai,25.286806862284937,55.42563429980909,69.35110707419874,High,20,2
2024-02-07 09:59:00,Sheikh Zayed Rd,25.39703265382606,55.353862422691584,70.55160199708341,High,9,2
2024-01-10 20:25:00,Emirates Rd,25.19356383072912,55.296256362824955,92.32393016074712,Low,20,2
2024-02-13 18:10:00,Sheikh Zayed Rd,25.201991559137976,55.378815034728284,55.270550170708134,Medium,18,1
2024-03-07 06:34:00,Emirates Rd,25.123681820883967,55.498720335615396,45.88465949000431,Medium,6,3
2024-01-01 18:54:00,Business Bay,25.232839440963122,55.33057868389697,63.691254229746136,Low,18,0
2024-03-02 11:49:00,Al Khail Rd,25.178314557870454,55.476207420233585,47.96579959290685,Low,11,5
2024-02-05 04:23:00,Bur Dubai,25.203016010653293,55.303505051977375,82.22941152654803,High,4,0
2024-02-01 03:17:00,Deira,25.350371537076686,55.2164198120775,55.751729415821515,Low,3,3
2024-01-30 08:09:00,Bur Dubai,25.38064535405825,55.26127263191053,51.51635448189015,Low,8,1
2024-02-03 03:13:00,Business Bay,25.155719921601555,55.32560854299831,52.93026418273323,Low,3,5
2024-02-28 04:07:00,Sheikh Zayed Rd,25.21175267946604,55.26589047857837,70.77626135207461,High,4,2
2024-02-07 11:43:00,Deira,25.378589168634615,55.20006811146548,57.63379525152772,Medium,11,2
2024-01-11 04:42:00,Al Khail Rd,25.118542538206768,55.47450046132426,50.37499769804427,Medium,4,3
2024-01-01 20:10:00,Business Bay,25.127708158433414,55.45316382336928,84.98027876435296,High,20,0
2024-02-24 03:28:00,Deira,25.14883729676187,55.422687669446084,47.15745239007375,Low,3,5
2024-01-25 17:58:00,Business Bay,25.27856385023806,55.25034437869381,60.5334911104949,Medium,17,3
2024-01-20 07:41:00,Business Bay,25.1451416813018,55.236109072863,69.78459227415345,Low,7,5
2024-01-01 19:31:00,Al Khail Rd,25.39042291443522,55.220281424841716,35.529973343743904,Low,19,0
2024-01-11 03:25:00,Emirates Rd,25.234014358177557,55.41720875663188,67.20390752108888,High,3,3
2024-02-03 08:05:00,Deira,25.25045538810505,55.47864238820637,44.17338486779326,Medium,8,5
2024-01-30 00:46:00,Al Khail Rd,25.173997584741624,55.329160746273914,72.34174171251004,Low,0,1
2024-01-12 12:47:00,Business Bay,25.24128807573042,55.23574220159882,45.56023482121536,Low,12,4
2024-02-17 11:16:00,Al Khail Rd,25.298574089791103,55.35371784621963,70.3915354777329,Medium,11,5
2024-01-28 00:15:00,Emirates Rd,25.32535314108621,55.304649572237594,76.58749599442069,Low,0,6
2024-02-19 18:18:00,Bur Dubai,25.326160424812972,55.312447477305,72.92154788449207,Low,18,0
2024-02-15 14:52:00,Deira,25.273367333808228,55.38639918724672,63.769749723571536,Low,14,3
2024-03-01 21:22:00,Emirates Rd,25.371307932498155,55.41561543397866,56.53048585605451,Low,21,4
2024-01-04 09:37:00,Sheikh Zayed Rd,25.345222354191833,55.233181079661954,51.35370635497734,High,9,3
2024-01-24 04:01:00,Deira,25.327114434409587,55.210677069241946,82.06552036225656,Low,4,2
2024-01-30 03:05:00,Emirates Rd,25.116681656504138,55.498299090805716,49.50757169748535,Low,3,1
2024-02-17 14:52:00,Business Bay,25.102063388665897,55.26981850467467,44.44400889645006,Medium,14,5
2024-02-15 07:25:00,Deira,25.163734183158642,55.21614915747254,69.98053402549245,High,7,3
2024-02-12 17:09:00,Deira,25.299057078174034,55.25696259872878,48.05794795220257,Low,17,0
2024-02-17 17:44:00,Al Khail Rd,25.223359246664764,55.211687353904544,45.74904753800809,Low,17,5
2024-02-05 22:25:00,Business Bay,25.220721877789792,55.31754326838515,38.34593606745352,Low,22,0
2024-01-31 14:02:00,Sheikh Zayed Rd,25.365376066468883,55.440720535335394,52.75635240809223,Medium,14,2
2024-02-25 11:33:00,Bur Dubai,25.36866885443955,55.30237333492732,58.7592746415526,Medium,11,6
2024-01-11 02:25:00,Emirates Rd,25.372752579216076,55.33325502206351,63.64637591491048,High,2,3
2024-01-15 03:40:00,Al Khail Rd,25.19416342295451,55.40267603207023,74.26959366449225,High,3,0
2024-01-02 00:19:00,Emirates Rd,25.30731674382178,55.35266822102096,67.90346885498691,Medium,0,1
2024-02-19 19:48:00,Sheikh Zayed Rd,25.18148995438231,55.4584337058064,57.1369167067023,Medium,19,0
2024-02-17 12:59:00,Sheikh Zayed Rd,25.157182949922337,55.45981070251373,57.0270648543042,Medium,12,5
2024-03-01 04:05:00,Deira,25.15538973720421,55.20297320864735,67.65236203372775,Low,4,4
2024-02-25 19:00:00,Sheikh Zayed Rd,25.202632286259078,55.43341389194496,79.08855244392853,High,19,6
2024-01-23 02:32:00,Emirates Rd,25.228987285933947,55.3382200800725,61.894712992248,Low,2,1
2024-01-12 18:02:00,Business Bay,25.34928475131652,55.4966521623911,52.96303718684386,Low,18,4
2024-01-01 08:00:00,Business Bay,25.135967328041815,55.34496962276263,45.10700998371682,Medium,8,0
2024-01-20 15:06:00,Deira,25.320477754218466,55.49606878361649,38.32192103381662,Low,15,5
2024-01-02 11:15:00,Bur Dubai,25.25943647425679,55.426370808361725,69.99404508065285,Medium,11,1
2024-03-09 22:45:00,Emirates Rd,25.1863836028028,55.274581465383996,68.66967785459336,Medium,22,5
2024-01-25 08:06:00,Emirates Rd,25.247845875359847,55.361518493786086,68.66045287659992,Medium,8,3
2024-02-08 03:06:00,Sheikh Zayed Rd,25.189982620933108,55.49764069184357,58.07010830471916,High,3,3
2024-03-08 02:11:00,Emirates Rd,25.278824586571492,55.45725918232558,81.10402118837627,Low,2,4
2024-01-31 07:43:00,Al Khail Rd,25.230153176856575,55.22921006813737,52.73822258122773,Medium,7,2
2024-01-14 18:56:00,Bur Dubai,25.149321658723665,55.411911599043,74.32903855810808,Medium,18,6
2024-02-17 14:11:00,Sheikh Zayed Rd,25.13497492236671,55.30367387576125,59.41885657515685,Medium,14,5
2024-03-08 23:05:00,Al Khail Rd,25.264008704621638,55.20209467856411,50.87473852980994,Medium,23,4
2024-01-05 01:30:00,Deira,25.37072390998583,55.3210442907081,68.88795460976642,Low,1,4
2024-01-03 05:39:00,Business Bay,25.203187305967305,55.270426326517494,66.1445417802599,Medium,5,2
2024-02-22 01:30:00,Deira,25.319900032166785,55.44566078115614,65.35459138900389,Low,1,3
2024-01-15 17:57:00,Business Bay,25.297598406481928,55.30119918265373,61.219176330842984,High,17,0
2024-02-24 10:06:00,Deira,25.379466474292844,55.44825710818615,59.431603774247534,Low,10,5
2024-01-27 23:06:00,Emirates Rd,25.34629430518974,55.20017938165044,95.82557989305658,Medium,23,5
2024-02-17 04:12:00,Al Khail Rd,25.26998157767164,55.292345745007836,77.7638496779426,Low,4,5
2024-02-16 05:58:00,Business Bay,25.29710914947023,55.272349564292334,70.84240342478267,Low,5,4
2024-02-23 20:11:00,Sheikh Zayed Rd,25.36951593997521,55.27007020832058,61.67698737305082,Medium,20,4
2024-01-14 07:30:00,Al Khail Rd,25.21985563537608,55.22045598592964,75.10735800895003,High,7,6
2024-02-12 00:34:00,Sheikh Zayed Rd,25.198038411757334,55.25613728112315,67.76992164587178,Medium,0,0
2024-01-10 12:34:00,Al Khail Rd,25.10324332509056,55.366664870965685,60.39307129161053,High,12,2
2024-02-01 19:41:00,Al Khail Rd,25.347965322257437,55.28740832185132,55.44653512101127,Medium,19,3
2024-01-13 08:32:00,Deira,25.34029421012101,55.32521843469875,58.786239935059676,Medium,8,5
2024-01-26 22:01:00,Business Bay,25.131336355430047,55.31306006410416,12.443613961829165,Low,22,4
2024-01-03 11:39:00,Business Bay,25.27305721433981,55.46277147749997,63.15901258946462,High,11,2
2024-02-15 15:35:00,Al Khail Rd,25.239194509450066,55.47158969970315,52.672858798344606,Low,15,3
2024-02-08 01:24:00,Emirates Rd,25.135612728652735,55.34788709149676,83.89004997424325,High,1,3
2024-03-06 14:43:00,Emirates Rd,25.394170468118215,55.29904678509468,60.29016106217632,High,14,2
2024-02-07 23:21:00,Sheikh Zayed Rd,25.164408766239006,55.23204021120071,42.16554870697557,High,23,2
2024-01-29 04:22:00,Sheikh Zayed Rd,25.12017025402717,55.48602086381463,59.251797688078234,Medium,4,0
2024-02-05 11:44:00,Deira,25.278454213850573,55.218068083470094,44.30818372406244,Medium,11,0
2024-02-24 17:54:00,Al Khail Rd,25.321660003139908,55.28929508327049,67.101111235687,Medium,17,5
2024-02-01 09:41:00,Sheikh Zayed Rd,25.10973303381416,55.289419860351,64.36421046509228,Low,9,3
2024-02-16 21:17:00,Sheikh Zayed Rd,25.297615291618108,55.296120385842066,74.36759446662401,Medium,21,4
2024-01-04 09:07:00,Bur Dubai,25.259687562785437,55.249286052981724,48.13677312458152,Low,9,3
2024-01-10 14:58:00,Al Khail Rd,25.130979502662516,55.43494842927711,60.5101214434222,Medium,14,2
2024-02-11 15:59:00,Deira,25.15175716308391,55.2367493585898,39.52467306860047,Low,15,6
2024-02-15 16:23:00,Sheikh Zayed Rd,25.270392289194824,55.39047199774595,70.52242172887071,Low,16,3
2024-01-05 10:26:00,Deira,25.188907284053986,55.23715380801175,67.78306770660183,Low,10,4
2024-01-11 20:05:00,Business Bay,25.381494718595395,55.22116069127789,67.43707531541357,Medium,20,3
2024-02-27 13:30:00,Deira,25.345622068845213,55.47282885110576,60.024285470354116,Medium,13,1
2024-01-18 19:20:00,Emirates Rd,25.3950701619541,55.25703862989561,66.22159336183186,Low,19,3
2024-02-12 22:09:00,Emirates Rd,25.177901251685125,55.44637504636791,84.06508662462895,Medium,22,0
2024-02-09 03:33:00,Deira,25.39091708983939,55.363389261332145,55.72358614436979,Low,3,4
2024-01-14 03:25:00,Emirates Rd,25.229370160937467,55.223356955882636,62.07967775565127,Medium,3,6
2024-01-02 13:56:00,Business Bay,25.204255638594127,55.48663445743142,43.70810551227885,Medium,13,1
2024-01-14 21:16:00,Al Khail Rd,25.115104858090806,55.27408835009757,46.976085576025014,Medium,21,6
2024-02-09 18:29:00,Emirates Rd,25.115829577357882,55.45789360360578,61.46719939639961,Medium,18,4
2024-02-03 21:29:00,Emirates Rd,25.307603376783995,55.25064300173537,76.55900320052861,Low,21,5
2024-02-05 16:36:00,Deira,25.237378698330208,55.45618286464256,56.155787636226414,Medium,16,0
2024-02-08 23:35:00,Business Bay,25.167956487810834,55.20396864387159,56.46125206031814,Medium,23,3
2024-01-06 02:49:00,Al Khail Rd,25.28419109189757,55.35353413697084,53.89672133243438,Medium,2,5
2024-02-22 20:18:00,Deira,25.175857435475034,55.43083277382647,51.978649937335156,Medium,20,3
2024-02-16 11:46:00,Deira,25.273289526303326,55.48043865524784,64.42457183563232,Low,11,4
2024-02-09 01:52:00,Bur Dubai,25.20776262409481,55.47276064086195,37.54113532232033,Medium,1,4
2024-01-28 19:29:00,Business Bay,25.347065667983546,55.44588746086429,79.2140936500009,Medium,19,6
2024-02-16 04:13:00,Al Khail Rd,25.346208848230035,55.46645740489839,50.018665528058094,Low,4,4
2024-01-20 11:35:00,Business Bay,25.24320511943672,55.259765905751124,70.82855228157212,Low,11,5
2024-01-25 16:52:00,Al Khail Rd,25.205245732800506,55.28525528871352,40.950021039091865,Low,16,3
2024-02-16 07:18:00,Business Bay,25.20876793896773,55.28669055747632,70.03260195819327,High,7,4
2024-02-20 06:05:00,Deira,25.341714357700464,55.313116179300515,70.07916911721746,Medium,6,1
2024-02-25 07:32:00,Deira,25.198453844839285,55.317996201115555,65.76303108008845,Low,7,6
2024-01-05 12:04:00,Sheikh Zayed Rd,25.162717812112053,55.36336659739641,45.08357217300312,Low,12,4
2024-02-29 04:43:00,Emirates Rd,25.125406502562594,55.247963929009934,63.743222843971154,Medium,4,3
2024-01-02 18:18:00,Bur Dubai,25.24000793626532,55.4073739991358,42.25415722898417,High,18,1
2024-01-14 20:35:00,Business Bay,25.24463962967595,55.25026996179135,56.20855117355722,Low,20,6
2024-03-06 03:36:00,Bur Dubai,25.35227261312087,55.293092544631364,75.44119651432989,Low,3,2
2024-03-05 03:29:00,Sheikh Zayed Rd,25.16637160893382,55.351003539181846,71.95052890606112,High,3,1
2024-01-23 18:06:00,Emirates Rd,25.214297382100522,55.43893216845704,60.227744138106495,Low,18,1
2024-02-05 09:09:00,Business Bay,25.342521721668106,55.42184076997162,45.37790136115737,Low,9,0
2024-01-27 10:52:00,Al Khail Rd,25.34708708322469,55.39366030692316,69.6838156826129,High,10,5
2024-01-24 05:11:00,Emirates Rd,25.21538332279363,55.246731978174054,60.29071856547038,Medium,5,2
2024-02-15 08:07:00,Deira,25.237737206986004,55.36411360368467,25.19526602654365,Low,8,3
2024-03-08 19:53:00,Sheikh Zayed Rd,25.190985767254784,55.22623395053997,71.73944739474777,Low,19,4
2024-02-04 15:11:00,Emirates Rd,25.379766463525794,55.313208953038995,59.63650749195462,Low,15,6
2024-02-22 01:48:00,Emirates Rd,25.135593129722476,55.324054959086986,78.03676871974608,Low,1,3
2024-01-07 09:20:00,Deira,25.38012482690044,55.21194343183373,43.57094221735793,High,9,6
2024-01-08 03:22:00,Business Bay,25.305159935550602,55.282196429840994,12.34944280205999,Medium,3,0
2024-01-05 07:52:00,Al Khail Rd,25.25947164580602,55.48669484017995,64.18625787517777,Medium,7,4
2024-02-05 18:20:00,Deira,25.10979771823535,55.486089782348905,64.37345515022959,High,18,0
2024-02-29 18:01:00,Al Khail Rd,25.242678857546604,55.305698116275764,34.63992558590322,Medium,18,3
2024-03-09 06:30:00,Business Bay,25.22232443150082,55.2129300326845,45.3225068120009,Low,6,5
2024-01-22 13:50:00,Emirates Rd,25.148365643592538,55.253728481798454,101.32826615579853,Medium,13,0
2024-01-07 05:38:00,Al Khail Rd,25.296922881050197,55.31766533803006,55.41584078769295,High,5,6
2024-02-11 21:25:00,Sheikh Zayed Rd,25.391345272210483,55.48433390939077,70.96438464564324,High,21,6
2024-03-06 03:22:00,Sheikh Zayed Rd,25.268656643319357,55.242359719061156,50.24010258947425,Low,3,2
2024-01-19 08:08:00,Deira,25.314425982933184,55.429054753100466,28.64545651720265,Medium,8,4
2024-03-03 04:33:00,Business Bay,25.120535135769806,55.23260476181241,57.446126298061415,Medium,4,6
2024-02-01 08:41:00,Deira,25.225300098745098,55.49437727321738,56.01593159570842,High,8,3
2024-01-14 08:00:00,Deira,25.13490754554935,55.314484949732744,54.00182641997443,Low,8,6
2024-02-07 19:39:00,Bur Dubai,25.28383875066095,55.43257036166972,58.28038746740411,Medium,19,2
2024-02-21 23:01:00,Deira,25.381544647464246,55.30277732484334,63.964024074684545,High,23,2
2024-02-27 01:44:00,Bur Dubai,25.29853331974149,55.388300663147646,57.7482457311929,Medium,1,1
2024-02-01 16:30:00,Sheikh Zayed Rd,25.12304091449433,55.257604825422014,41.039907480789545,Medium,16,3
2024-02-20 01:08:00,Sheikh Zayed Rd,25.206399861495527,55.24380630578909,67.29277187342909,Low,1,1
2024-01-24 12:43:00,Deira,25.265199013832255,55.48141924187044,30.759423670163653,Low,12,2
2024-01-28 03:34:00,Sheikh Zayed Rd,25.220962326839977,55.47529418337133,29.244638140736996,Low,3,6
2024-01-30 07:39:00,Business Bay,25.35009320314255,55.46624068206386,71.08770742052351,High,7,1
2024-01-17 09:35:00,Bur Dubai,25.344401301412997,55.38763003504998,67.60530408203036,Low,9,2
2024-02-03 23:56:00,Bur Dubai,25.283549306030967,55.44248046336489,59.13906952388946,Medium,23,5
2024-02-04 02:12:00,Deira,25.212037383539812,55.22071108107342,39.06827242867392,Medium,2,6
2024-03-02 07:34:00,Sheikh Zayed Rd,25.176600912128976,55.300436712567205,49.381335889888874,Low,7,5
2024-02-04 06:51:00,Al Khail Rd,25.13176229546394,55.29411093742715,56.05879878470244,Medium,6,6
2024-02-12 23:33:00,Bur Dubai,25.206469305045967,55.390693596585784,36.0615904713883,Medium,23,0
2024-01-23 13:34:00,Deira,25.223951755162314,55.306787332041196,48.91457012965151,High,13,1
2024-01-02 10:27:00,Deira,25.30274687753122,55.244552034493104,69.78495507265019,Medium,10,1
2024-03-03 10:00:00,Business Bay,25.29744794728927,55.378940122624066,81.40958046433825,Medium,10,6
2024-02-06 12:03:00,Emirates Rd,25.12103244189238,55.444315176200725,53.70847871012174,Low,12,1
2024-01-19 06:41:00,Emirates Rd,25.218577794629347,55.31463704833799,71.34732531474148,High,6,4
2024-02-16 15:58:00,Bur Dubai,25.15453366016521,55.23968061452955,31.28909894118799,Low,15,4
2024-01-23 05:43:00,Business Bay,25.147043811595044,55.25900645919385,69.89176861670417,Medium,5,1
2024-01-22 14:39:00,Business Bay,25.34819064492117,55.271244991550816,47.940773779087785,Low,14,0
2024-02-24 22:55:00,Business Bay,25.112574565014878,55.289969277898365,64.61018425061955,High,22,5
2024-02-16 11:38:00,Bur Dubai,25.225754862770636,55.392838521151894,56.28371372640436,Medium,11,4
2024-02-01 04:31:00,Emirates Rd,25.150461096729956,55.38028364536132,79.80621014675751,Medium,4,3
2024-01-07 21:31:00,Business Bay,25.363799064703542,55.408823958470116,46.883465274901226,Low,21,6
2024-01-18 06:41:00,Sheikh Zayed Rd,25.26711215398251,55.308750595359456,69.41409446342746,Medium,6,3
2024-02-17 04:39:00,Deira,25.169414190913056,55.44719929556399,55.807388050552,Medium,4,5
2024-03-01 05:41:00,Deira,25.250728186149914,55.26122629834673,57.625417829855046,Medium,5,4
2024-01-21 03:04:00,Al Khail Rd,25.319445907910936,55.34071222425545,57.242191602611854,Low,3,6
2024-03-01 21:38:00,Al Khail Rd,25.38743540267583,55.44028161646243,47.31490343258831,High,21,4
2024-02-11 09:17:00,Bur Dubai,25.166133801273627,55.254047594319786,59.78851551139993,High,9,6
2024-01-13 09:52:00,Bur Dubai,25.365854531638803,55.23295893412224,59.060276668172676,Low,9,5
2024-03-03 11:15:00,Deira,25.380291234250247,55.465105190306396,63.61860372610094,High,11,6
2024-01-18 14:46:00,Sheikh Zayed Rd,25.374926163359618,55.302878898827764,61.26757718539294,Medium,14,3
2024-02-28 12:10:00,Emirates Rd,25.29062430705857,55.40516103747271,71.96991824418355,Medium,12,2
2024-02-02 07:08:00,Emirates Rd,25.28894619633041,55.207604581279185,73.85262924071053,Low,7,4
2024-02-17 08:24:00,Bur Dubai,25.220963189955146,55.407014066522834,44.24065017258298,Medium,8,5
2024-02-28 03:42:00,Sheikh Zayed Rd,25.325719364691135,55.294830393464096,73.03158750886156,Medium,3,2
2024-02-02 18:12:00,Bur Dubai,25.259388205505278,55.21672225607624,42.20495359335219,Medium,18,4
2024-01-23 06:40:00,Emirates Rd,25.303231421368487,55.382943828464434,68.81783832206602,Medium,6,1
2024-02-03 20:57:00,Bur Dubai,25.22853737115464,55.272241144821955,69.29608177054303,Medium,20,5
2024-01-13 21:03:00,Business Bay,25.31944893921294,55.31604217261557,31.33024662506244,Medium,21,5
2024-02-18 04:25:00,Bur Dubai,25.347341455281363,55.22417424368596,61.39468869794114,Low,4,6
2024-01-04 14:35:00,Deira,25.143930876980846,55.244148975328486,52.97255829959526,High,14,3
2024-01-25 20:07:00,Bur Dubai,25.349878914672267,55.28939317064876,48.61852113096938,Medium,20,3
2024-01-18 19:53:00,Deira,25.262088959537092,55.22692785016805,80.26278496048508,Low,19,3
2024-01-10 21:43:00,Sheikh Zayed Rd,25.353399772727066,55.473247879405896,50.19481289043871,Low,21,2
2024-01-05 15:22:00,Emirates Rd,25.229390511902306,55.2018141129552,47.904346063229255,Medium,15,4
2024-02-11 18:30:00,Al Khail Rd,25.21371214561491,55.3451580656593,61.1354241000764,High,18,6
2024-01-02 02:11:00,Al Khail Rd,25.374518219755167,55.23697423743977,70.28384619447624,Low,2,1
2024-01-09 09:50:00,Emirates Rd,25.17535078026452,55.292303726843386,57.875271209848094,Medium,9,1
2024-02-08 14:41:00,Al Khail Rd,25.35326369758584,55.47781786794548,77.49555818503879,Low,14,3
2024-02-09 15:56:00,Bur Dubai,25.24520617175282,55.2485083659822,67.96463492946135,Medium,15,4
2024-01-18 02:15:00,Sheikh Zayed Rd,25.25422863276538,55.4897496959155,27.326830204028546,High,2,3
2024-03-03 19:04:00,Sheikh Zayed Rd,25.192540484446845,55.26173831309683,52.057995547394874,Medium,19,6
2024-01-26 01:06:00,Emirates Rd,25.271912660185706,55.42246983254005,51.57236850972451,Low,1,4
2024-02-22 15:31:00,Al Khail Rd,25.197563358882864,55.364003179469194,67.19041430144134,Medium,15,3
2024-02-18 18:49:00,Bur Dubai,25.111780824272497,55.46534361827903,20.627744154388324,Low,18,6
2024-02-19 00:01:00,Sheikh Zayed Rd,25.181599581603308,55.36619797665094,98.23514563076583,Medium,0,0
2024-02-20 12:11:00,Sheikh Zayed Rd,25.10191371302198,55.360367765746894,67.96539142341315,Medium,12,1
2024-02-02 23:51:00,Business Bay,25.393506436117054,55.25863740011052,62.23315205876537,Medium,23,4
2024-02-05 05:58:00,Business Bay,25.389724162945924,55.2498688086155,77.72351574628719,Low,5,0
2024-01-18 00:57:00,Sheikh Zayed Rd,25.218546589241694,55.474946745334655,95.15481079218938,High,0,3
2024-01-27 11:58:00,Emirates Rd,25.318511256301893,55.29835145965501,73.06119966882605,Medium,11,5
2024-03-10 05:56:00,Deira,25.20374182952313,55.31162467648887,74.2321964470743,Low,5,6
2024-03-09 07:01:00,Deira,25.30132794712579,55.42794709752852,61.960350366965734,Medium,7,5
2024-02-24 21:27:00,Bur Dubai,25.341629012913792,55.30164704472684,57.87711369949577,Medium,21,5
2024-01-21 19:49:00,Sheikh Zayed Rd,25.38402687340767,55.4856187339917,52.863068339926485,Medium,19,6
2024-01-22 17:11:00,Sheikh Zayed Rd,25.2200636827549,55.42137833069964,47.60832012428187,Medium,17,0
2024-02-16 05:46:00,Sheikh Zayed Rd,25.334989394886815,55.379228772772024,49.69478850450754,Medium,5,4
2024-01-05 14:48:00,Emirates Rd,25.179778535189637,55.464268548163425,39.74166053485526,Low,14,4
2024-01-31 05:11:00,Business Bay,25.39709969113809,55.214881772504846,58.86192823972465,High,5,2
2024-03-07 02:05:00,Sheikh Zayed Rd,25.107730879629308,55.27711880765676,34.729986341604196,Medium,2,3
2024-01-05 09:57:00,Sheikh Zayed Rd,25.281058641950334,55.339510900266276,62.86374786215566,Low,9,4
2024-01-02 22:13:00,Al Khail Rd,25.297851794495397,55.26809356184146,59.45504087936487,Medium,22,1
2024-02-12 04:17:00,Emirates Rd,25.30641366712224,55.423171556190646,62.20402947580032,High,4,0
2024-03-07 10:04:00,Bur Dubai,25.136116273636727,55.47576240931612,52.168026449700115,High,10,3
2024-01-13 15:15:00,Sheikh Zayed Rd,25.381558935041937,55.32713103597928,106.15290555270755,Low,15,5
2024-02-18 06:21:00,Al Khail Rd,25.154354983715027,55.30263978003357,80.40173850270469,Low,6,6
2024-03-01 16:51:00,Deira,25.28682602097195,55.48846521964127,41.33186249872916,Medium,16,4
2024-01-28 23:13:00,Bur Dubai,25.166802823736926,55.33345572984826,63.493021311403474,Low,23,6
2024-02-05 19:25:00,Sheikh Zayed Rd,25.192164925106383,55.34671452013479,50.87990785594015,High,19,0
2024-01-17 23:06:00,Sheikh Zayed Rd,25.263937562518436,55.30549496170257,44.78280409938879,Low,23,2
2024-03-02 20:35:00,Al Khail Rd,25.225158025569375,55.47286454190364,39.898918933140976,Low,20,5
2024-02-25 21:51:00,Emirates Rd,25.148067680292954,55.37068664498456,66.48325036138881,Medium,21,6
2024-01-30 12:07:00,Sheikh Zayed Rd,25.151280920726254,55.428652376154496,49.77929647395639,Low,12,1
2024-01-31 22:38:00,Deira,25.225443436448842,55.443542015505265,74.51739036037806,Medium,22,2
2024-03-02 16:42:00,Sheikh Zayed Rd,25.32718489348265,55.30255471257518,74.90673321795659,Medium,16,5
2024-01-27 13:39:00,Deira,25.369389394054334,55.330108299396116,80.60871577817174,Low,13,5
2024-01-06 14:17:00,Bur Dubai,25.125238298677814,55.45454153232188,47.214198508888444,Low,14,5
2024-02-23 18:40:00,Bur Dubai,25.21793117226782,55.30897660550274,67.13048416038015,Medium,18,4
2024-03-04 22:19:00,Business Bay,25.130073669116864,55.43818054003555,69.48681324963451,Low,22,0
2024-01-19 09:37:00,Business Bay,25.10497774418978,55.48229769677233,52.88732737344053,Medium,9,4
2024-01-11 23:26:00,Deira,25.298515604793188,55.3869631119204,48.42342063910687,Medium,23,3
2024-02-13 04:55:00,Emirates Rd,25.280734832589975,55.42248818623557,84.14280998663959,Medium,4,1
2024-02-17 14:54:00,Sheikh Zayed Rd,25.148905734144467,55.44152919361234,63.41243813598081,High,14,5
2024-03-07 20:13:00,Sheikh Zayed Rd,25.17014384992792,55.45351189466899,69.53951626067607,High,20,3
2024-02-23 15:24:00,Business Bay,25.107112326093358,55.31851600135704,47.66885982258109,High,15,4
2024-03-03 09:20:00,Deira,25.35048416170832,55.215379037752804,41.71073300216709,Low,9,6
2024-02-04 11:10:00,Sheikh Zayed Rd,25.392407178814565,55.320562881371025,51.458253382618345,Low,11,6
2024-03-06 03:41:00,Sheikh Zayed Rd,25.140637861038407,55.40212686893523,58.139679189150044,Low,3,2
2024-01-15 02:41:00,Emirates Rd,25.16944256412959,55.33510511573424,44.036699897739766,High,2,0
2024-01-10 12:52:00,Al Khail Rd,25.36052285718408,55.42468894525812,59.85232787024425,High,12,2
2024-02-05 00:34:00,Business Bay,25.377939139386854,55.3070947288406,34.6724221789725,High,0,0
2024-02-18 00:33:00,Business Bay,25.225888214842044,55.39042324233121,43.199288662951915,Low,0,6
2024-02-26 04:54:00,Al Khail Rd,25.115186741680724,55.2559259414562,70.06366872415313,High,4,0
2024-01-10 04:24:00,Sheikh Zayed Rd,25.111817550107848,55.424810830993486,69.05685780416842,Medium,4,2
2024-02-15 08:36:00,Emirates Rd,25.272184959820702,55.36370879064391,54.121848519197,Low,8,3
2024-02-28 12:01:00,Emirates Rd,25.217868532667953,55.26121931656398,44.733535363845704,Medium,12,2
2024-02-09 08:21:00,Business Bay,25.108595728273297,55.28757335204934,44.588946727109835,Low,8,4
2024-01-15 01:38:00,Emirates Rd,25.274975717693767,55.424582612574554,54.40097631088029,Medium,1,0
2024-02-28 05:54:00,Bur Dubai,25.10339076097671,55.34478037069846,69.66777737467937,Low,5,2
2024-01-17 14:26:00,Al Khail Rd,25.33621158744478,55.26480943211792,73.92368537016486,Medium,14,2
2024-01-09 16:24:00,Sheikh Zayed Rd,25.19192984681101,55.49018135711109,52.55202396777047,Medium,16,1
2024-03-03 23:17:00,Bur Dubai,25.11207740090277,55.41453750594507,42.697613610228245,High,23,6
2024-02-08 13:49:00,Al Khail Rd,25.276505666294945,55.48714044976194,64.017654567995,Medium,13,3
2024-03-10 09:44:00,Deira,25.219305324329916,55.328131513608106,47.64697544061226,Medium,9,6
2024-01-18 03:10:00,Business Bay,25.392140124007142,55.34253010220752,52.226210417081965,High,3,3
2024-01-25 05:42:00,Emirates Rd,25.26325959875111,55.469386564855505,79.87914135655556,High,5,3
2024-02-10 11:38:00,Deira,25.182571754311102,55.35751480207362,72.40673142848652,Low,11,5
2024-01-16 10:13:00,Emirates Rd,25.31283165939019,55.412183673571704,62.36961468377177,Medium,10,1
2024-03-02 12:47:00,Bur Dubai,25.181447600762812,55.27565186324866,40.921214983309156,Low,12,5
2024-02-26 13:04:00,Sheikh Zayed Rd,25.37127298742227,55.33401794061079,63.17094851205988,Low,13,0
2024-02-24 15:17:00,Sheikh Zayed Rd,25.212416591152213,55.237034959743106,75.93985936181289,Medium,15,5
2024-03-02 17:54:00,Sheikh Zayed Rd,25.264960568832862,55.26179401076309,54.36549501351696,High,17,5
2024-01-29 19:07:00,Emirates Rd,25.11517193114727,55.200283024580294,80.26671134980073,Low,19,0
2024-02-25 06:37:00,Deira,25.22783637138567,55.2117795154946,79.3911793427731,High,6,6
2024-02-12 20:28:00,Sheikh Zayed Rd,25.3497090618983,55.49318514695308,84.9559924821521,High,20,0
2024-02-17 08:22:00,Deira,25.341694641609003,55.27270610854103,64.57864689797029,High,8,5
2024-02-27 22:18:00,Emirates Rd,25.16729556765606,55.3989932128512,68.81087549709018,Low,22,1
2024-01-01 09:04:00,Bur Dubai,25.16782372130317,55.45172990963989,81.21280932496634,High,9,0
2024-03-08 23:08:00,Deira,25.34519159366397,55.36519813777097,66.71090905603464,Low,23,4
2024-01-05 17:18:00,Bur Dubai,25.379119526050797,55.245943350025186,52.48148838314681,Medium,17,4
2024-02-27 21:58:00,Emirates Rd,25.128608276381904,55.41843493120085,53.27185745208208,Low,21,1
2024-02-10 00:54:00,Emirates Rd,25.23501759182787,55.38007542302988,63.578324306606085,Low,0,5
2024-02-23 02:03:00,Business Bay,25.20123628368927,55.419375176804216,40.64157867080672,Medium,2,4
2024-01-01 03:21:00,Emirates Rd,25.36120653663723,55.430923986857124,57.85111626953711,Medium,3,0
2024-01-30 17:56:00,Emirates Rd,25.125057474404006,55.49262311030542,76.4482067734538,Low,17,1
2024-02-24 06:12:00,Al Khail Rd,25.16333778276741,55.37206898400802,27.13119223252078,Low,6,5
2024-01-25 21:48:00,Sheikh Zayed Rd,25.32574050127595,55.30249233380718,83.01723152691773,Medium,21,3
2024-01-15 11:34:00,Business Bay,25.115388154694365,55.394539367070074,76.83561328054739,Low,11,0
2024-02-17 17:00:00,Business Bay,25.247760614214286,55.22053221277279,53.10353076254285,High,17,5
2024-01-24 05:02:00,Business Bay,25.232632110403916,55.46921919549648,68.15086241807714,Low,5,2
2024-02-25 06:01:00,Al Khail Rd,25.200320353696625,55.23581430340146,60.047215903594896,Low,6,6
2024-02-11 13:50:00,Bur Dubai,25.218371694595678,55.29835285136575,78.44985552658025,Low,13,6
2024-01-31 18:04:00,Emirates Rd,25.25898217607907,55.444723614187836,74.74024714154912,Medium,18,2
2024-01-22 05:49:00,Sheikh Zayed Rd,25.148410207516516,55.37919371349921,38.99893915225486,Low,5,0
2024-02-02 19:18:00,Deira,25.271598763485077,55.318090656083236,68.80893620196265,Low,19,4
2024-01-05 21:17:00,Bur Dubai,25.341629698789994,55.34203069781251,56.915582195351284,High,21,4
2024-03-05 00:26:00,Emirates Rd,25.328048278937047,55.456364217960655,61.2424885577715,Medium,0,1
2024-01-15 13:14:00,Al Khail Rd,25.146169971408135,55.30200131581797,49.07742148545277,Low,13,0
2024-02-03 19:28:00,Emirates Rd,25.144774840922445,55.46089490544365,86.22205603681253,Medium,19,5
2024-02-10 17:37:00,Emirates Rd,25.180452310323474,55.22644032929301,75.60092729853864,High,17,5
2024-01-20 06:09:00,Al Khail Rd,25.208322417902313,55.43303953116259,48.90343254040549,Low,6,5
2024-01-25 11:26:00,Business Bay,25.222536674422546,55.45426428991642,39.98084089634651,Low,11,3
